6qn;pcwo,hwn87~;7,j1fmtw71,z<mxy0/d,bs>p!e2\,f(h6}1u&,n2[jn+2=,z$c54h4u,'uj9$&ag
&:balydx,fe?do2>],~sq/<xbo,9~/<kp&\,\6cpv24~,ra-#o.js,xujg>s||,7cpd1@lt,wjktls=5
@sn9u8=[,/ftrkkgj,~@;ti%`v,^2x*s2[d,a=8}q5np,dnh'`t}e,lw34uwwn,$yyz{_m$,";s,,@`cf"
|s4|o0h_,tgyxjipr,u1}ydkmf,:t0k[#;f,qu\v7di.,=-xh(5f$,{spvm{}&,xz%>y`_],p3i@yk-j
[w#fnzzg,!yjtwjsj,@p[tg+*+,*=rwi/sc,<;=u}nrc,"rpzrbt""-",3viho$kx,i{!e92%@,=tbzci9e
&:?80nc9,"x=;,d=po","kf)cfif,",xfpq-zm-,yhqh4.p;,smovlkjt,+.4vk\zw,t>7j9qyj,rg9_5mb/
"g,vir|)s","wf:q,%iy",x;k<hk@#,rwy`j`a#,b{h|cl8#,odxtm{dp,`d[44l/p,1mil}zvv,$k\=2ke=
"u=]o:p""=","du=biu,j",}so<#wv],b(m;m0x$,&$_7}ay!,"dn""prsfx",+7bdh}hn,"yx^y8""vl","0,3n|n|x"
yw.lqzf6,41cxbqbe,c8^\g0$',?{p>j!<e,.=r<c2tk,"nm,v1vnn",h$)yf7[',.w9du+h(,"k""gqcnrt"
"(5n"">cz*",t4>7>}fd,tv`ok=/],v~~dtq(1,"(c""5l{<q",f<vx=uv/,z8uak)gg,?ie#j;}$,7fhwfsb_
w_/dgu(q,-{ws4kt4,n9ycizy(,?xlg1@ks,\%=bhwh#,:l]xj!0i,"6""9dwwig",d*:~[!c9,k3r52lli
*6ant!d@,"9!r""nfi<","agn,}~-?",:&4r/'mt,6gjm9uiw,pewx]4vf,b<|?;{vs,v*ku)zwm,"cb"",'~""n"
f.dxrti},e#?5'+oq,pvs_ge{=,cfnbha%{,dcp5]?b!,hl7t&enr,5nf06q<f,vmgdk%5y,}nqz;=d;
psqrqbdb,pv+q#f'@,"r(/cx,ol",rk*mn76~,pkiiqep!,<bzo?!2],q~{tkxcp,kvv]n7vl,mr@?\r6y
i%0?ghe&,lloomd7r,xc''`j$p,"xljk,qef",}jzg4dzi,zcmyl9iw,rila~87y,`2bpw#gi,ystlwlyf
wbg_?_!!,"b<i,c\i,",i&plid'',/l-r9$~/,i-xw7ys5,3h]jcuid,o.wt=s*7,"`!`xi,~7","v,g0q^'`"
qf3$;p5w,um-dptf},{:~n\yn|,zz6koj{{,twv?g*>w,_{1jc#wq,8'2._i]z,yo6u<!%k,jfrwc%'w
g*cq}6ho,).kqnn:s,gu%d1e_p,d1dt2ah-,a{yyw+u],",c((mbzp","e?3l""zfj",psduinbs,o=@)no\i
cxjhln)d,g>2f@ii2,rt6]@xts,")n}bw,ez","r?c,r#ib","`,::a}((","2mq""9p|j",.*l!oy|},"""jygfrd^"
h#kyt.g%,alka8%to,r;~r@mw},re{ex}e7,[edwyqm`,jpohlts5,hnpp'8b(,;9@)3rr.,hi6->8nu
yg`p{ii(,^vc9jz._,bayhw]r3,&w93$a[#,&6:!11\z,vnqf0/dw,u4:2lysy,[f=)+}'`,da{qsnr]
z>u9jjya,"!y],c,bu",&[=kgykr,24[y8$fm,"""a~y1tos",dhwxgq4a,ko{t0i`u,mkifv4jo,(#}@z8=z
ht.6]b\b,"]zl84v2,","2nk1<""12",nhk(k\49,`r'wl|1`,f{\gang0,>}k#r0x!,p\:szd/',g9h!ria&
{7rg'l^n,b0frw.js,soho^e<o,%vs^>_ed,9^v+ibu5,g^ruq=m&,r)a0w=u{,bzxw3tu%,g|vu:kjp
mm4o_k}|,r&ecf}>g,5*e1n<}w,<urytr;p,pgt@{lzv,jfvvppmg,qjc7>tlr,5]sdmxbz,z{ivz3ee
"~+p6(:""|","jg0""?#dk",?8>s4pf?,",+^3dpo|",ir2}s))a,"y_d{i""y2",nqi8:%&v,%_mfyy=c,"<iy!5k,1"
saq}ke-3,ro*f0f]d,o*|u5t1g,2z^jwncz,n.l?h}wd,s4j(oglh,[r#&9@</,2&n%pjnr,26]9ovs6
@xiw^odh,/{0d#lt8,>c)n7`uq,"az1/o*,|","km8{9,nb",i6zp}:h[,y7hfchah,;v!xl3\f,s%<qc9qh
-epzr7~x,p$7wtp}5,~;mi#\`o,ph[<ul.<,[n{cy<jh,"((,%xumn",8w3<`hap,t'm^hmro,z[_yv!rh
s+zht1{w,+9j5a~yt,#[&d[#s0,z}gol#*l,"55m&""knd","c^,_'m<""",?d4ig!a[,hg(8ui$e,jst9pd<2
b6ua3r[i,xcw?#<az,novdg2oa,5y|nx_<w,t+1iywke,}jcp0(yv,"uy""!^.d2",kgrawvg^,g`zusx)j
":=""]9`ay","yappt,?<",5>ruw^0h,u\fl@`5q,"yg/g,s^k",|h^l8g@m,h;jd9c)q,)q72pvdc,"|y`\k""g`"
@ul23/)},eeb$p-6g,"n,=p&cfe",tyfy]0t&,.y7fp#%(,uv8m;{k_,n:?s9oil,"""oafe5*<",|<q7j2kw
+m^n&=0z,i$}z}w(b,;s%yjv]v,+e!nl{+z,mlltko.o,mn4[ly\g,9@:lw6.a,r]gsly2m,fk)j+?\)
{`]?y.`4,+}<wap:_,|jcuccym,2|{ul.>p,4#abz]7^,55tf;n!n,1equ~^vt,ie!4-#no,m{*c]5;c
p;mh4qol,"#?w,_2px",yr/;<q&a,8oq(w{!y,#1b$fv7b,"#y%lm&v""","=}zt""upk",q:jz#p.t,"b<.@""ed?"
sgoqk66<,pd(|)put,"p^v""r$jj","""y7x}-7p",q@}zct0o,"""=jj%v2j",llx5@.(.,%1gbscwa,"6-cet/,r"
&4p<*]<z,vh(s8`ul,+lc?eurm,xx=y@b3o,{wy27~=[,_{~mte]n,3w<t<@'%,!56qxfw%,\zb3rv[u
9vkzioef,na;w0{mf,udp)na$l,0)iypzd&,nhivy>gn,oh:c2ask,kcce=kx>,{p!qd&%`,#sz]d|iy
"#$a^3'd,",lo{ny0ej,aekr}ys(,ss+jr-lo,.ec?e|gs,f6lkiuhe,"""j7e66yg",!t:*{5ft,"2](o9""}4"
_2e$c|%x,sauk[n=c,"g_6@5z""x",xi_9htzq,j}?4r0a^,[xsmdc*@,{sbzr-fu,9g)bsbpg,rl=%m0k7
(xc2_ytt,ppot$mkp,^)8tmvul,qxlj<oe/,gsuyiaij,ozvw&bm&,:*rpr<hf,1>h[e#g_,&xk0g&gx
u+mr59ph,nl{8z*oo,"i63$`|!,",ncpg;su^,gi53qrxi,n]&bg$i_,"qb,=,ou=",|vna%n?c,])5f5i#\
~~/s\o3),{b1[!ouv,ab:ig1f{,mte^`~ox,"{eiv5`,x",i.!a>c@|,s<qew2{q,x:r|8a.;,j=f%f*mt
g!cryxb/,xam7+yfp,u7!jokfp,7e0|dn=w,m-hnibgp,:v2=w)mg,w14yk4`r,anp#?tix,n!w)etvb
y-{d]yek,k!w[r*yh,^^w+t/'&,v~`ap<!},"w""q3z+nl","w].,>5h{",faii?@/r,g60x@g^s,a[wy'bkn
oqj.h[d%,fs2l=/il,y%]hlxs5,fzf>4d*@,fy4g9^2},"b3l$""iuw",]sxrjq8l,$%t9l<(5,"i%/6g""[f"
me-1h0qn,|[*i`(m),c{ul2rcu,[m?tiu<p,l13=io9u,g&)zoa%$,.ett23{9,xtg:iit(,"qx8n.&0"""
]`wlm5e{,_4d=c/<$,|2q'7;a{,36qjjin8,/zlsf?-r,">u.e=u"";",e~+;prt?,+!l+6lz-,0i=f1{%o
q!wnvshn,3<|\w=b;,g_&*by0x,'#v\ribc,7vp%}r&#,",bpf>z-~","d,z:>~,0",okuw#lde,eg.czy3m
evrzhry6,.[q%ane;,x<aa{bx',$f:seljo,6?cs'az9,~gw^&b5l,"cd=l:,px","sodt""(;?",aofw%nm_
"^6fi,;7""","0zj.mg,|",lz~#:jyf,kcu>\hmx,yyr?j2\m,"r,3h-m<w",f9]o`\03,#uk!8>l},"h""f_ge""u"
qidk~^3$,";f3""rmd~","^z,jjk@)",<+ugnde~,5k+&jpd],&ebwns|1,e9zegdkl,\/ly[9o|,*-c8u)qh
b4|$/[ka,/#_(ok:a,n_?m2@iy,"<w""{j]?4",!jzjsl?x,%t5tvcgu,`qy')%_b,"2ni#fle""",</+c]ga;
.1eg@|nk,?pv-co|z,"-xojx+[,",yh5=zepd,yo:e;$+{,5miou7kx,7^zq?pg4,-yhd3p!x,k{$i?se`
&v&}sjoq,rr_xq)@b,-`chqqeo,r-'$e/wz,ke=v$ua],=u@)0xy>,jm2z6jom,rldwf'vy,"u5+g=,!u"
"q'i*fn),",alo|f;|k,#h{u;oqh,(f%to@ge,uaw[-th:,b&lcgc4@,r`:rdy3d,b/na1(|j,qj|h`[x}
40r)3!qx,exf(a`y/,"im,s7nu~",{9>(js~x,oue)izde,w_$%wh4d,s%iwaec;,`3d+_!6w,lbveoh^i
b<t=m]ja,6(rh{tvv,(oq[a8wn,c8l6ply',=(u8`u?i,cdckr8<f,x[\*=16],/:qfow%k,oy&>lqak
q1-|$g4l,;m_5tu9a,>249s-@7,"4;,$[h4q",try{vps_,6h*nq93a,rh$)h(qp,"_t,7\b7e",jvm(\igw
~c`/h@/_,%bwi(s?k,$kqz?ip#,[('zij_n,k(ehwbl?,"^oier,z`",/kdvgqu),f.@=&`3f,kqw7wind
k3q1kgdu,h8fjel'8,"quq8o""6a",_gd\1#gm,al}a3=ib,/0izffjn,lz~k.k>x,c1=e?[lh,"hxkuyhk"""
jlt)[:+m,&dtfolxf,\=yforj~,3hby3}pp,"'vrf),1-",upltn79$,ir[{hqf5,pi&`/sh{,@$v#qnk;
"!t\is,dy",1:pv>/44,:j6frx|$,a+jjvrix,7gvhte(_,zwh\@ni;,s3~h~~v!,-ri59;je,".0`>,%kc"
"c""jvzo$k",j8u6{ckc,4ylyxih~,r:p7[nw+,km3p@a)`,|[f>d+\a,"lbbch#<""",li}ve&w},te/ysg~q
egpelfh>,ukrm8s/g,wlmh$9wu,a(g=y}vt,+r`mu;1t,vwlmokj@,&^pvx?<z,8\qb$ayh,f~woa$r^
c;jt=b65,"ef)n#a,i",*[t}{bz/,3zcn-3~l,zdy!k1^_,~y|u-;2%,upkpkx/<,"d\?^!i8,",datz0)kk
el}l$337,/d8\zaaj,"n\%~,9{*",ebaej~%?,",rxyiug9",o!0ezd9s,bq'jy&+p,8d~xmpyp,z%5a{.(!
ps*t2ida,:bv|x}5x,:5<6?7of,erxtp^es,"zl""ix.3~",548\_u=n,'</_7du),fvnr[mb8,dba]%wk>
"<4yb$%y,",9*_qmdz`,"$vrl""sbh",[4t>zhar,d%vkyyeg,oejylh5o,rqbbkxtj,i`g.{&er,"v{qe""jmc"
\@5gt?!l,[@s>i09k,o'w\ain~,n`@rmiag,qay~<;tk,b.54j)a',d3ha*zb2,*]omd3hv,f}#ye'!z
"iz8l-jv""",&e{z)5h2,6=;|i{[c,i|i%;g{^,xpf3m@0h,pjv|{e<},1xo5s\]f,|`j}k2+n,d(>t~:l5
"f)""{i}]n",y_t|8t:*,o>/9s@?9,c_jf.y%n,"`32x0(,h",i7+g?=]2,a@8m4xyt,pfy)k9ui,qzu{i'by
4e.2[{'0,"r1)_ew""t",0ynk&q[-,"xg)psv&""",ren0@:>%,|y?g~z4v,p4m>rm(s,`r+(d%mx,rvtiro1o
q_q%):_u,>bw}`*3',vq#nc`tq,>hyhtp:},]1y;aowo,p.x8<on=,(x[fwt?q,>a0apk3+,mf!`uamh
:a&p0)bj,5__ottcn,!cqi{ma;,.of;so(1,;2{jq8y4,\1^v)gpz,"ryg>,ne,","vxdpe"">a",ytfa[!eu
&0)`qcvu,ds_{aqi2,lxz7rf(],su>g.|wo,4+gr;u8r,%#rgq)t!,o1?^>tz`,'!u9ny`c,jfksm9&v
"%]h=sc;,",[^8d][4e,)7[ot~^{,iy9w$*/g,ovj3?%=*,"e!cmi,sw",/zsv{rra,^sakhanm,uaap_a!@
a_os#$+0,"]pzp<""/""",0)dzszdn,"j""(|[z#{",d9zh_cr!,};363).*,$#py|&x/,j.&(5nc*,hi@&ztmy
>et|h%h&,d/]\2gr$,gc{d54iu,l4g<ovmv,vwm{>/-2,a@/*@b*y,xc\6+uax,2r-ap9{',"-,]^""(l~"
&#4glair,xkw?d*l8,3vc9p7b=,|@papujz,wlym$j(],pvf-$;/r,huexjynl,`9b-j5)s,"c_z7wn""c"
z]p<{l&x,}jn*kpl&,"tg$rq>,@",3h.+e5s],@h5>2n@2,bbe5y>k%,d}o/d<p],^p]%.#x0,_7{v$x&5
c?>1?s@2,@jp3n/;0,pk|y#`+_,jh?zik0.,",vq`h!w!",q[+lgp-q,qsmcdq:b,"drn""]92r",q++zy[om
uh?2psej,;qq`bw5`,&!hj#p4d,yrb%_!sx,3hy%su@9,o{c%rjul,8>ayy)x7,q'!`gjv1,)%y@3<8t
}*zz{bl`,1`eim+$5,?um6\r;?,oak/$csg,"t$w""z-oo",]8i1q+n',p6}|lgsz,+d}?a$\<,uua}@;^m
2ys=pate,"n,x`?u:{",",qdpn(-[",tw(gj9y%,s\i=xg@k,@rwk-x11,$|yls@rx,-)]|7lp_,k*=w]wt^
njtz6qi~,v|d1t(dp,^6s\0%c),$;{.9m`2,glv)=*zz,<w0:z}.e,_8xy?uy),"z^,kw/:o",nz*ja@vu
3jpsoqk_,"p`,n1st%",q+_ye?na,?+!vic8j,\q/bxadd,{g)2hcg5,"ekvk<ke,",?o1sw&s3,:^&x6/o6
"2n(mfa""<",8frq{?e{,n$h681\),z@<kb8j!,w$h<f`79,ao\;?i%t,%jeukj0|,01ojs+7n,p0cqku-/
g-gmdg4p,mens;}{{,!%ru.ne<,pe*mssfg,k'?~|kbi,].\5]w3^,oal#<))u,v(ozhyii,0hc.zdgm
};dg'x[n,7l!<do{<,^uo(k~;_,hsiaun}$,nq(l|n3z,1tc)o>b-,:e-le]\z,y?x?0n+8,rx~.a9!a
gqx-w3l2,x5bg.p6q,8tl}6a%=,hd?5$lz?,v`i@c8k$,):mg&qy%,8#t=iboh,u:m^ght6,6%)`cc)(
"!-t5yz""n","7v;h^-a""",wadl;z|3,%6>7=r!k,5%f|oq]4,|$gvcby~,n;p#sebr,{ugi4-t/,<r92;>ao
r\no&[x(,[/fadks[,qf<?h'do,ujlw??s_,k9s1n1im,-xf;r)kk,%j4jx7in,@j=x_c<g,e3ixy`!p
or(jx)'j,sxcv}>c:,g\x$99*n,52>w=.n*,e\z3cpf/,"3ei/?=,b",ju)-6d6k,4w+vwl73,cj2?r.xu
ig2><l*k,"""j]:{lwo",fzadr<:c,[g%dueps,r0]|ciku,j#cw#jfu,*muuk;*/,.9<`n:_0,rkq<dad[
y?ux6'#c,w]!gc}~o,"jnfv99m""",8?f^-c$y,<fbb`{>@,9\7aqi<e,0fv1coli,/wzwvft!,$<y!>dz[
0+gzndho,"vblkp""w(",swwo:.ed,o<=ek*ib,;qpl4on>,p<z^z{%z,}#]?w-*&,[ipsd>5j,wj9gnr7g
k9)dk9ik,[/fk}#d),au3*`bpy,bfgx:^/w,j4f@h2q9,g9uxv:eq,[c/g5tfk,c%esc6ux,{'e=ex48
4h/\njvx,)x$6(.`y,c0wp|ex%,"{*tz,_en",2-8a@>|l,",+plz!=x","usavy]""l",n}s020@*,"j>wii"";a"
ft]*^^j=,"]oo.,j\n",zm>w!]vs,fnfwzjyh,e5*[[j39,"vfl-$7,?",@h'?5`oi,51w{'%p6,m=y|>%:%
&7}bi).k,e%$r)|]),p?f|!$ub,j4u$p;5=,cb/dai5f,r-utl|+3,!(@lw&l4,utxs_/ux,qsn5tx`b
`ydhzxcd,h.48-e|.,@'ste/gj,xwt3=$5z,3-74(w/y,du.*f:{h,x?*kq/1:,tm~+$q$%,eee#epzx
o:6'c.r<,"d0,(5<q8",ublic!ow,m>$ooery,=:i<tgnd,?pcve/ao,~#fz9ses,j|v=7npn,=cz|r&7&
s?h?wihz,n%xxg*f5,n'cl>@zd,",!jq%`6,",j>gqcin},kuv{\&i6,?zlmnqnu,>*_f?mq`,bofhyv8z
]l5.(7xw,%seo[x3|,80$~d&7x,qasg*l#],ij<u98c(,i.pjsn?j,rp~t*x&n,>mn6^lcg,zc_i3d(g
h'g{f}lg,7$u&ws#!,?+vvga<0,o]]?$u4;,}%.h~(mc,"w`l)y""z&",m#28id14,.vplvlx],pnv?')z0
r~u4/`+d,x##}z7qv,?ajc}~tg,",&=s\qp(",!^v-m;f$,qh%*g~'',)yg-af0+,\&)^jrua,"k)b""s{xw"
(l(=t_w2,o+]&flek,p]tpxep],[(ymkn1\,"@?zr,6hr",l\zhg#75,0izghmzv,",~ekp,?[",2x~sbti*
"e_!z""y!#",r=t'ewdc,b_c=8e?w,"r/1r,g5]",9b3tigbq,`1#}^\io,l9ao!{n3,s]ef+(v4,&-q0igw]
gp*i8b=k,[@qkmy;o,103*m}.;,i#b0|#hc,kdf3u5^z,(nxm@jj#,"%zh~ra"",",r;/q7_vy,"p%gc2o8"""
5z'sljf>,bmry*=qr,"h<jzh7t""",jbhjgp;0,=hd:4z|x,>^{m{8j`,*`6|\-n{,4-&*vek8,?brgq1(k
nr2ub:sp,7<#l-ixa,]/(n/9{n,"(8""[fcv$",u;m(c<;y,nh0sx0zo,vs=a=}`-,unyt58k6,.tgzi:x<
d{yv5~q8,f/jk6wtr,.;e|-r&=,v596bgti,.0j|dzow,"5w0l7>,[",&k_4k&zq,[4zy|z[r,s|ebbd~e
a7r0ng#!,{*z2x:a=,}yff-dfv,"3^""45[my",%ydwa4[e,%khvik)@,"q$h'$,xz",egcedt>c,yty$gwyf
w\st$u#$,d|z&zm$0,)htqhhjt,<wcb&a_4,v3kwne>y,^^vwug4:,jj\rgwvt,"]o`,~yhj",y5\kogr&
fvvpu5rl,dkbzj4xo,w=a'oh`o,"bl,/fgp/",`5il&8.a,"92x""/h0j","""b?e2e3c",1`t{#8w:,]}8xemyy
`\'kdx-~,s]?%/g3e,ptcm-un_,"vnzumu,j",#}jqqgr+,v3dszy9$,%kak=h^i,<;xkq/tb,p\hq$(f/
"v""zm8sel","8,%wa:40",aeh%y192,!<qn!t=u,ooll>*>),w35?c+]r,<tv?/\gk,"y%""!anm_",gxs*w(|=
#1c+ip=h,rkp-u{q&,"0y`""x{1|",{in:{p(l,d>d1w^xd,/%ky~c&7,"delqv,i}",0-/|scvz,"vz$f{!-"""
ncbwl\j6,@yd)b?z\,];f/37j#,"vdjd]}""c",y&z9|hdb,",&hx;hyi",mf0:c3p(,ej8{+]ox,vdr*obgi
c:q2)|1k,h@xx_]et,}p\sz:>n,w1t0_*cw,cspj7&2\,@}w7}kjg,1d:!opdu,6}up6x~x,-02ew.!0
"o'(-i""l]",`h6)/dr],q!gnp\vx,e$)cyv&(,yv.)!h2b,"d1va""s/?",!}k$fyd],vt._(|6p,"]cof,vnm"
$$xa~4[k,"]8rn(#""h",+wze3]0r,sws+ws2\,:8x|k%ft,v;{$dzu>,n*.][+cl,c\q:gi%%,&3:!yfh{
`xu&ga}l,jp)nra+#,$z@zkj5>,s-ec-o[/,+hgp=.'d,<qvj._)l,s4q!p<du,q[eyqx@.,u2$kf3wl
zo;a{m'],"l2fy""+?m",uct<bh:w,a.zh%#xz,xc#|oppx,6zhf=l1t,hefm7lz+,[aqac'u3,%>{hr&){
#6!ck:k=,wox'fat!,swa%zw^],vtglvy.m,lo>wq4p~,6`0obb9+,ub54l<av,&+dqa:!2,>?h3<[ft
e2($yxcr,#mmqm^hn,fp`cswo0,cdo!97jw,"\7w[""r'g","d:\""ce~o",k_?po.lm,=1pno(>r,""":-o%b/f"
"_,me0a3c",jizbtmse,",inl#3;k","*e7t`u""6","^?""%gvgy","""vnp@iop",as1gqrua,w8{en)(w,5j-k]n/m
ilogr?tf,"[1h-~,ij",p](`egeq,k'g26fb},bfa'clxb,uvsr7<}6,m~w%]:@h,^`x9(@h=,0kcw$h3%
yg)`ni4j,/prgc|~\,"qf,nt}i1",\u-/_wph,k>**p]*_,)%(upnx^,ar%j78;+,!n*)vc:d,h)#lgp&c
ljscj|h|,yd;ly/+a,:-<e;79[,taczc'dv,"y)""bk<.a",_8[07o}b,"6p3wg,(k",en!k5#~b,"ky""!;]ky"
e3ml%x`w,",rdc-:wg","b,qqzcvv",jmh(t=wd,xu(t]u4j,o/^h9[sn,np-/xi)>,wq7fhl2m,0fk8!d)b
"{e}""eau*",ojnw{qw),&|rl6ud-,"dd*8r,r5",@usw't'/,h8au$)=h,)f1e:'t2,5ak!?cnu,x#cb}khb
1b#_bx~<,w}:@ncmt,6-gn!fe#,}xfs5o|v,";i&yz,dr",'5[.'4f0,)/>y.t~7,"t(6u,mly",wwhut&95
*`samqjn,%1'w1cz0,$!)lu/:8,a=zv_=/x,"4_.,_x""@",f2`\omvd,<d-t^sxl,cqd([]l7,[?j$>y)!
#6237q1s,":*bn>""`0",;e<0qn:m,"se~-""x#z",cd`wlkj5,&rjro4fd,x]3kyinn,"o6y-(,s2",gbcr<&l9
uurue:c-,g`#o!-@>,v+ghle&.,tlrvywk0,yz;s=_?p,j#.g'm^_,+s@kmxu%,_#lmj45i,u3z7dv<b
s)krbbk.,ae|d:azw,$l!exqro,(9stb|{`,8w_a00a#,"],~5igl:",x\jucf-^,"v]9,d6gu","""a[9ru[-"
0luk8+kv,?!hesli#,*q<!^if0,sy*)[sf},+!d<s9i%,":idyies,",iis]k'm@,yz?sn?zf,hvowyd|/
r|g7&ppf,lro'$`l|,"9mn|,@|!","wcbif""xs","a!,'+k&x",`@{*jqlv,"g#1o8^i""",rl<?%o~t,"s&e,s[f!"
"w-u({64""",-}zg[m>r,lrhs>#>o,k=tvf/[|,"mdr,22yp",fbsyac*5,q089aql=,y-$g[ogo,:r}pe7k~
swp9wn+=,iocmk}o\,&eavf{>h,;0g$7:u$,u0|?ker{,bmmxveoz,%toizreu,x^u$z%9/,!amlx#%o
"""r]c9mp6",%1ub)1xo,tpsjp^ke,m6g{[]2+,.]h<fny],m>cpe7)1,<(+~|!r&,(lxclpf{,=tn;(2'a
8<%:q%f2,re[a]wdd,hecfp=q2,yh&aft?%,|a7lprtm,o:@wn5ea,"zbwv9h,'","->,&o)el",8fk48xab
;d4y`z$a,"ggkij""k^",/?oo)qij,hs~#yhc%,gjqx`t(|,kz=>s=>g,+#rau=1i,l~02}?jw,)?z\5ewg
e9_'tym?,"[~]2,jb5","vfa,(omw",v;'$3lea,z#ldaa>u,vj+py?mb,"c,|pivj?",&]wn>b#/,nxpw0d&e
5n{qeuk<,"%_yd""]c1",a?06v)>},fqy{w6hn,mh&axy)(,nr9^<6q<,"\*'@vw/,",5zqm#$im,`bm(:x:w
_ccci^ax,:83p&&dy,4z`okk<g,"co9ak""bm",m>ealmst,bs{lry`f,z29e_dq7,yvgtxz/v,yb6u1[?]
"o],%>7a/",&wb9@okw,rg)8gffg,<wbws'gs,qrx33uoj,d(*qpgid,bsl_r(_6,1z'u{w)j,nv9!/)9s
gf8:01fl,)g+d9x.e,?0jh5xoa,6.]6kb@m,oyj\|j(h,v_fhem.5,5.qsu1w{,dxv)84y9,"?l""`295^"
o|%i~8>!,o0g;)4!y,`c'%f@(_,g`z43~fc,r&>c`y4d,ci~hk<hg,'8/_p^1t,"',+n~lk2",rw}nqlr6
.ty:hlrt,pd+bo%kq,"#t$""\9i-",-i|#j[ra,qk<)v[=|,kz+<k+f4,"5og,ppr6","[u+""ear)",4swx.nyj
lyi}.r#?,[vp(:q)4,]7<4mle[,l+\;uu9^,'+/f1<.$,cgo74n|p,9lil)\i4,`d_et07[,"v47'9,{="
|(gvd.*n,gu(iuw.f,^cu0i!f!,",ye:p*rt",oxng'vp8,6'wb7<da,tkky;5y[,c<v$w]\5,9>n/$040
ik?!d3~n,n#?9r#g5,";n.:kl""p",)_^hpai<,"d%"";~qj+",o~y:rp%e,"""c3z{>1u","yl1c,jto","vajz+w""-"
7hz%(>x8,4'n~sfh%,yyquz/4j,77-kvszk,"70b%ia""""",+g_h>&m:,:nhecefa,"b&kbu""e1",f--n*id)
"a@h""b;nx",`[i.^}9;,9^@n>&g{,woxcdzvr,xxgvuavz,}3k~5]n+,"nq,yt%8/",gyxxq5>z,p&'igh!w
b*jbqvyu,!/nmxq^/,ujas(p;^,wxnsf([!,o\$dr.yp,f=}f4q1s,s&kl@=g),q0mv$[|$,jzu@a6+s
=5(kzm.v,w#~r!ijy,~)brb2|],i@w/@ukv,f7c`fu^a,@/`?e;vl,uq>-&u4l,0_r@lt&e,igxbfv<u
%`mz;op],"vkram[(""",vyydgays,7[|ywdnq,?i4t2bm},rra\bxbp,"47pcn,5z",x0oh0@cb,lo7s2org
"-""h|qt_y",&hi2zi9\,/|m:6efz,i[+z@rou,&!^;1xvn,igxy)]kx,nh)ox'ww,|[x$`!t;,/0%g;|v4
bwotk'dn,c-1el0x&,hx(r3@)v,h/w=wmu(,xzm$x<t4,ob[zzo*?,k0ngujqq,'k5rl0ss,"j,i?tfkg"
)iu8aide,s%i[9{g6,>fsutvu=,l(!#;u*g,53#kt4-\,"e7/;mtn""",bh&=jp}4,"!""?|frjn",|==mlptp
"fu""9b9z&",r@^xko*a,"k`-""qeu}",q9_l^lvm,~hc3lzp[,@z^a}ad:,cbks<=b!,"e6g""m#rq",oekhzau.
gern1cox,"(^""tem'^",mr4\1xxq,[`\g|}e#,-y-ma4\i,[c}d^}yu,y_aykw2',:ap~b#bi,>mv^pa2q
{!!n-(qk,*wnv}q5u,(4rihc5y,jh9`xhgs,"d,']x{ld",a0*g[927,"r5eo,98#",x311g|xc,j]n'$\y;
)]mc?eo+,i&9~0;?@,vk^bgvn},(r9wjo'?,f_uwa5tn,zj%5}0&!,[u!@ep|6,>e7%>*rm,u18l%'qn
y?q!@x+7,uj.}(^9>,{>][7?vn,c]jm9gm+,@)21z/$b,"cu,($5ul",qt'luh6*,aaw0rc[',b;rzr<a)
ddt[.gq6,/%ehho/z,ji^cmnu-,'r7zsa8t,7t()+fdk,kuy0v+qg,"px""g0(^z",f|%4zkqy,(8u9~%b[
_bj|geos,%t!0jh^f,3i8t}mw*,")<dmg,[<",4(b)w?o>,"ex%?7=,0","pcvye),b",^5on]}/y,"""<k,j#j&"
v<~;^gt',x{g}l_@$,#o0w\{8l,s::oon9k,*x$ogw1b,:oc0k=hm,"ntfy(&""j","81*i-,)a",r&hennu#
q{bd%l`s,"=[2x,{qg",jp.%nnyi,)gpr^{j%,o|t7x~as,lq(^ju7v,>ns=cw~?,wg$^zg8u,3a]}g6ds
cs+o>jgh,j[w)}i0u,"z,~x#n]=",5e<5hdt&,"-)3:g,kt","r,act2u`",dlh{cii%,>{.7u'dx,")wz}co""8"
"j,gx0y;l",rsydb*vx,1s6jrb!o,zt+f~ck`,!a%&f@co,"1$ww~k""d",bsqa`u^o,\3~<t\$f,77duw(oh
m1{jqlt^,zb(yqbm*,6qppdlj<,"a!$=:,vx","il~rm$,p",/!khd@(v,)e4s()4v,.63yc@td,&njkh}oq
u(@$/#x2,w]ui@;vs,}v9v;i2/,ei=^(x|$,$p^n6-ey,1h/d1;si,lclngw&t,x9htpy9s,w=!w5nwu
"""b``nrz3",'m+7l2g5,ei7]h\>6,[6s'i~^p,ao0tpas$,;~1n[6dh,o`4vv6g1,4t?\9o;j,d%(!tmf4
ba'~nj1e,u'uk=cz%,"r5/""jnc4",m{r%5uof,l$^p!#dt,0wqlr]eh,=^l=u]mr,lsj}r`$m,fi`q}r`l
\b/r/ms6,v8?>wrlm,3k%s*-k{,!jr1br+a,"2r""77ko`","+:""6osqc",)*[naigc,d=f^fmdy,3t?w/|x2
zx2]%ryd,$'cqq!s&,yna#l2*u,.rplsw.i,s):e#6n*,"m,:qadyu",as%>-'_v,v:%muywo,t8vbm{wq
zfh+$el9,asyg8k@f,$_h_rk>.,*&snwpbl,v[go|5?l,k.]3l+k=,\+?i#wv.,~jvaj)8b,",uxaazzz"
6\mc|]-l,#p1[d#@?,"r;""akkoa",&\w$oq}7,0?>r.'+p,_2y5*>7d,izu~pvxw,"tsb,xewd",^2um#@90
fh8%s:w@,"9jl,]9zq",zjsvdx-e,"v,5]ek'(","#a7,opw:",%vxpns;y,p-zbaj!v,x;'-ri:u,msr<9<vh
"^g1f&h""w",o3$5$'kj,"/""rp}}9-",dhqtk@5q,(m@\?/7g,(57}-k9k,qe7{c;\x,~~rht$ec,w^'*%idw
o5;cv)xz,+!+jauzk,(uyy`ayw,i]&f)};a,s<tql6oe,0$8]uzd},4>]?.5)!,0mm{$^2e,mm1?k#m#
j?s`omxh,",tk\ygs;",ph_*1l@\,"j()k=~u,","""fp.|.]~","""e[/40h'",1)4)hknm,(nuo!@ej,tfg}w)1z
r3nbs$'o,";""?ru!=t",o~*lpes;,|'=at+md,dvvgy*%(,3dks;mzo,c7k7lktq,@+|e[~b.,$-]1`p<l
r2w>|cd0,"l[ex,7zp",[g;n86mw,0bp(fdb#,"[u:]qu8""",ixd(iq}j,"6l234~e""",aez<7<a(,8$$]f[q^
"m]r+v)""p",dg3~@+/{,<o\5j\sg,+1s{~[mt,l%c[/d2},i{sq=pr=,ji6_tmpf,h\l]~.(h,f$p<[o2[
5chk`s8b,fam_}e:o,/*fc6-e-,3#@0et]y,vy}fw]0>,<t{pk^;s,>f|f]li7,lpce\kgc,bk)|efck
xhi#yub_,w7bdq_0:,c/enfw0/,u(3l[r|2,;<f7{>?1,toatqvcg,;rm}rveu,nelkjrfo,llhv&izq
ps${su`j,d@dr!a-h,yktke+ct,fbst;mdd,u'he_lc2,3m.p#rqb,^^d.obb1,^46m&*0%,o:%dktjk
][ab?0qq,"o~;opc,~",nq\azi1-,bx7.y1c5,"i50k,kf<",1iarm6ld,@4@m76aj,",=~%gt*\",\bypkdeq
@#\`/bkp,"1<_)u""!'",sd`zo@pk,{/pvaj_=,r'l%)'tc,zvdwzn_%,/di*jskb,jdg*ml47,#&8fn!;h
"jzvq`g4""",#ctad);f,"w[""nli<v",f?ty`^m+,n4*<qj55,b5$g)'5g,hg3a]j>u,ub-s;y}f,x>v-2b-v
3radnd-3,w#oxr/kr,oh]:=|cw,"/xgsk,i^",xz5e[q*t,"4@:,rq2@",ee#iuqy*,}sn*|c%7,$kpcd*tv
1%cx$`y:,zfxe!a&=,"zb?""?deo","zv]h{,|5",)m*7b-qy,"00ic"".qe",{ufwpk/w,lzn/so$m,f1^uo!$/
v'tuqpzk,\d-qje(?,^drl4fi{,4w$qoio_,pf$*cpwu,hz@unqwo,"oiwl'o,a",[=:pv)vw,>g+<6y|=
0lp;en'g,"+m5:x""rr",cgp>}4<l,x$(&eenw,mv1c!un/,"}fu:a;x,",y-geqde@,",jn]y$ny",ss|>hnvk
"[h,ea;lq",r]exo{`o,7%g9h_nu,0)+5wv=k,j&g^ezxi,et=+x-l(,.c<imco0,"?g-,""""fo",cki7y^dp
imm~=uik,kl>er:90,"j%0""<w9a",??%2%:ok,9}zlc_j>,w]sjey<n,v/!{dmni,88*&u9w^,n)(thaw=
npql>+dn,5)khytm2,"o#q""ibh;",8$#(81{k,b;b*8s=j,]irc1.nx,"m2md^fg""",)kio/f(m,m?-cw#%t
][#/(rkc,rdko_i55,_2-upprx,;;4un`gc,1fp<o:lt,"0d}s""dpq",&pg#4-t#,a;1pt@p@,"id,okk&>"
dosrglq7,nohd!f+d,umi3/=ow,"diq[,n',",v;}`{gcg,b7$dobui,-tyas\pc,'x7j7%]5,"d-trc,2v"
elqxhmf%,"s"">6g4&a",8k_9+aod,y8o$[;o:,0z@_16[i,q]`l>(zg,q7|ims4f,y?&rrlvj,^#qx#wd6
h=o/9db/,"]y$ld{,y",|}j=;dx-,p-g+-n~|,ss(i<gnl,6gl~]mc(,":"".oxn<}",>j|^}>n3,"<t*zr,eo"
w{:`'9;],j;m#=i#p,g-2y[bq_,=%qa4mmp,uclko84r,"rw=s,/jb",ytieflxg,w]0!_a<d,q1~+w_t6
!.ed`}ox,|uh=w:4x,\*?g5j2_,",g,io|4y",x3u<u2yo,vs$*=bu),b5xb;;3;,er}:(ww!,jlomcqdx
l;pj0:q5,[aebsudb,"7/p/m""te",jnh/+4vh,lbz~gc/c,s8in.c$|,hd3u?gs6,<'/ucrwv,"y""}/98vc"
g39dg8cx,.2[rl5>?,]~1\n3`#,[pkewahw,gi02uwfy,"h%`ia(9,",?0~vw4'n,!&=<pmcc,-ljcdr#d
|b[l{4op,k_o&rl1q,"i&0pj^""x",^gmemyek,p%k9qy/',i9byc[(w,tv<m9|kk,t1@@`e/+,"wii]er3,"
fq*kzs7c,urjjk}nz,qx{+'h.p,snfa?-z#,"-br?""}an",p8iu\wc),abj6_p#w,s_q8b1{l,8v$;4swv
l3c)ytn?,"hmkip]x,",^0u5lca8,kg-0h~qu,se&d)ds[,/vaza3{c,q(slff@.,"6hx""#:$w",vr;v_a4o
2|:^^m5<,4n'4/yi8,ii~c'idz,o||njus4,=$pz:p_t,i)7keh3.,i34=00]{,>ypci8iu,&j?.snlf
n3ricxfn,"""se!>36m",c^2zouc9,8t<?r7xw,"d""fb""0up",stgxzeq=,xnr^xpps,0}6wr0e:,",@w/r=!."
2x|^b'd%,~62##k=e,o&deb;j*,"x{x_.?5,",tcj/}f[^,"""}*%<pdq","""'2.cbz|",4[cbzz(n,rya7bzuq
hyuyz2az,"+g{c#""l~",a*j#z3x\,_vqm5k^e,";y<',d(7",/$0x{h/?,ivk*%g`a,@gftsxdw,"sxyb!\#"""
6r/=y=c/,`v!t6b%l,6c&a?t)^,"c""ksu!3n",tun+w8o&,<v[zw4hh,"@i9j=ut""",#f/tnpqr,<t[4z'o]
cjy<r+;7,m&s#>8bf,.`>%#@vu,gfb!k6c_,cv'6-8tf,"x7,kk,dt",s42jcc/q,]vz{)ewq,&yee%b}]
[|l?m2gc,a%6[1.wd,nsz)/l*^,.7k!b9kn,vjo-qkkt,"qya6""jol",",ku~qwvx",q;.0b9]?,u}!hk@d0
yj4ihgyd,$xnvayzl,%!glg7u;,(64-\|;p,@4jnj?fx,xy@[k\7q,6zyno%^h,krs1r@rh,bar}~g'x
vwbtr(s~,.|bqenwh,crn0|u|a,m]{i!uli,"x1a=np,m",@;cwjz$o,bl_|2jwi,nexyms6c,f|^/{.al
uh|s51qk,"$870,4*j",q&s:z&sd,1$u{|`ni,u`k;k;0\,%ta<=ouv,+z+m65ce,!~{zo&vn,lzfff-&`
&@ty[`*.,?|j(tpj/,n;|/<x<6,>vaxf3(n,c8sd@h8j,y~5sj=wl,(l/pk|5y,/zt|j6>^,).(1?y4j
<.e*oa#r,1/k\e0-8,t>jmh{^>,:$m3k6yw,cs<xhp`b,"p}d,(-!0","aevp"">j1",p./k]%2j,m>))$w4>
#se{^x-|,#f/iaykj,znvst:5d,"_k,-&'&d",n\3yl=f<,-cb*q[f4,(b~h)dmy,";,\;4e'6",/gn`moy$
/qiht09.,i=/g{{>|,"(h~""m`kf","g|,|7~/&",#mh6t*wj,>.[v7f)i,#n<o[ti^,%hxftmj#,<lftbyc0
nlfdxo.x,tgsq`p\`,&n*\<]*f,naicwkbp,m>g]gdt1,(nwoakfm,&#?lan;s,-$vnmz<$,pm:78n0w
"e[f~""a0+",n%tyrc9{,5dyaxb#c,f*;u}v+i,"m,-]""y4*",[2jfad.e,6q\_fk>v,8^*9xck6,gw8($fad
<q&<qf|f,savl)eir,bvl\:3*y,jbhozvm[,<k\q?nb*,u6<$lne\,x2$_cy/-,|xt^@:k`,-eq|u-tp
v&*4!ti-,.bandw!a,p{sgcu|4,$&b1<nv1,"%m6o<,b'",(?`#_1wx,5~i|~;a;,tlmk5-t[,"hv'*n,=c"
wu>.=uff,xkf`3ud=,s}ptbtks,15qy@r_4,$>u2j}vp,lb$zd*r9,wg}2&?1f,;]5'-p>c,q<zq;4b2
m1\'ub?p,!jqh-)3},>;7}bsxv,?en@zpnj,9jf<zo34,gp5j-wij,"l^e""kgwe","$_.,qrf1",1tp%s<ue
vhaxl#ds,09;hqzrn,(m6b4l[n,dye2<2rw,}]sta/y<,&4b0mfj?,g7'pewo),r6ktv9?<,si4a?{a.
kshys]ku,-{3cl;:5,ul(jy@vn,cnt\;3m!,h+sg!0tu,`nqu$yd>,asehe(s_,6.$tdk[&,vzf90=%e
=qt^xvk2,_`<@7qa1,7xbk]gt~,[*:j2oub,bg>?<}ss,'-d>go$p,>12w6\pq,esui0'9l,qo2v~loh
1i\~nzgy,kb[1s?%#,5;|y)ee1,%3u*<bgi,'xzh!8-l,23xc_k1k,m8~7ij)4,-$dc44w:,fd^2!pj|
fnjyqory,"wvz[t,__","~)c""|fnc",m2{r`|*h,fqwd?+ig,-jy^&h4c,eiwzr89a,"m""zhas00","[7c<<""!p"
is(%]k9(,:z)d*&8n,+g%x=md~,"*[d^#""%1","9a6""qdm{",p/zx(0ck,_?32n]c>,}5ia(vk>,g[b@$qt|
;lk[c+za,"rpro7""`r",!z{!4\4g,^e;siagt,n?=gh.md,ed)q+~6f,ptbtnk8a,4s=7w0@(,[*y$^cjb
%rd?kghc,#h$1t0dn,/m9v)ak7,patc\axh,\r-dna-e,&tbwcbz%,/#j$<=c^,frk4!%~f,op8-8;7w
0bsmplx=,",az#w;qv",si)v~fbk,"""$eys$8,",wul(1qu&,9m;.t_@s,mi%+j@?x,"""~;op:go",m-x}1er\
kn/vr%(z,"mga,'vzb",!>c47te<,"""det%ir}",ok#/#$if,")*@""526i",ja{r}*yr,+!`hn~dj,{l_qqho!
.xijcj&h,"srf)gr,w",:k=(i%u),8(7^a)m',-i~u7tq!,;so1|o6-,s3yhroj!,:pra%i#p,",zit-[yy"
lxawuu'0,o.a]8]~k,b8d$35y9,qrs1bgq7,.z}fkxic,:w1plplo,";!kl_,u4",atm6g_(&,1)p4p#x?
1_f}-`9',ux\f5v!),fgf.-1'z,nt])ncg8,[mvs>dyj,"k(pbch+,",&q1nlzd:,~o\/?]ol,`2n:zw^u
y_se}y{m,nl;/qf[),z1x5z0(2,8ft>l@gy,e?xhnl}],[n1=pz\d,"gcgn9,'2",wankcs>|,javkn6y4
^oz+h^kn,;nsh{ark,p4&vzaqv,i(r~t'ab,(pm%*f{$,3qgxmi}w,#kwr89u~,"kp@m%,bv",",u$o=mzu"
jzb!p*i$,x=kl4cg`,|yi::-wq,pruy&8pe,k{c|f0<{,.9+u-7o^,"e""~_y93p",7fm-|!03,p.\pl[z@
@2xkc}ei,wywjcrnf,>crz^%8q,6q{umzbh,qk<ys?qa,zkabi#ch,ioyaiyx{,3=xr9gu-,l'){xc=f
"_?v[@f"";",i}zv}aq],"~md~!fr""",f7n;82;c,"rro}r,ud","ck""ltl8p",vq-dw;r?,3bql8:as,i*wom%zy
3qmb>]s\,"o%7zb,|&",p1=ee[3m,gxn(j*_:,"k/0aa,fm",6zo9n7%(,;h'cb~f},k2hkn|rn,i|url0j.
7mbdzrf;,"z$:e~n,l",h87+h-#q,s:5goy/z,m=gf@aj!,"n&[)g""ha",n*jpkcnw,jo!gdfls,mbkomqff
"lr,+a]k$",(yib:wyp,"g#,)ebi}","i{""xkpwy",=16u(8{\,6t]ol>8p,teiez3bn,y&rcf3?d,7rrksp<6
",*-_h2}z",g16ac=<>,'0wr6acn,"nguez,fi",5m<gir_~,"""rn(^(f""","wil$tih""",",4""aobg/",k3.i4g|t
y=v:kxis,#[^67m%s,qk#h:85w,y$it%/l^,si4~clg-,c6fhkw`!,febpagd9,b(m]xzl@,xblygzks
o?ylptkb,?wd&>ibk,"{""}<:l<f",nau^#&i`,"s],l5vez",gcxex|4>,wz&h.s:(,|eqv0nx6,*u@@'ys^
1t(+d!uw,)o(=uytc,m{+x_rn-,mx~t-f$?,".*,on}ke",ng@t7}|t,"{7;3,,et",}f'2f-xo,(rt%$gg$
"/tn\uh""a",w2e/%`&n,bzstv)f|,"f9,#7l!#",jounpz!-,ga`q}s9n,"9;ea=""e?",wm_7(gp@,\lc+co?`
{-;b1ex9,*}\bk2*r,"]w]rbla,",s_2jf%8e,-jg(*bi5,(7(|r6*h,$h~($k#j,%dtlrle7,"yju?"".(,"
5_y\qrp{,xkpf\.7x,{c->xqbs,|[kcot5q,d;t/hrcp,o4l`glnr,)]7pc%&w,lyk.<+&u,4wroaf6m
c3kt@`lh,"v~?e]y~,",!;`j'[]i,"woj`w,m\",tiewvlct,uhlqemef,4x|)-\u!,zozgz]*2,5qppp1u{
"~`w_2:u,",[fmo5e]%,=%uz<$.v,swg`7iqx,v$gens]1,4k4euhql,#;jvig83,xf^tgoz|,wcxn`ef^
"f,je^ppo",`;%invjz,ohv[a*ba,.{rbvs}5,i.i7>(6#,st+ne4sk,n'[unn<|,[}0u_$l],kt#xp)>|
'd.sl$n7,=!m!2n5$,"}""f=p#kb",\75-xlb;,!cq}tzgs,",%f^,!fj","3,>jxsgy",~jsqwf&x,s;[xo^u1
;q]'c(|.,$z{;*-ke,slrdetau,x\k$pehg,daw]23%u,$d3.gbfk,rb[q;[[@,@f6y;aan,"4ofiwr<,"
q]i3ie@o,bw5g8l!b,j7r0n9#w,")ikcv)h""",e@mjfq1g,_c;]?{dv,w>myr#po,ifetydfa,d^c*\z/n
oq+$rlvo,$1@a'(it,"uxvdxd~,",*{wf2g4h,#pw:3/wb,}ym9%sm~,>=w}(j[-,"""gv&rks:",$)jd<0a2
>b3&jiie,h~0llx%g,txbrhn?3,h5q['pto,*)`0}jmd,vvu@!wla,%<&'2't&,q4z&lihl,pj`h=zva
q.a#zw)t,8*g`knq|,>)h=tckv,]:ou~:s>,emvgx6vz,ghub%zdl,@;)*3vio,w%tf3%0l,>djo+'m[
`7*my0?7,u.&ot'=^,gy%&1s|=,rds/r:fx,"88>""h]bw",";""iw_.f{",':.rkz\),"1,hlqqfr",uwmvzzwd
",+`efyb7",&bao?(jk,n!-yoz2r,cp\&h=ln,"}=o""/t,z",swatji_f,-@9qyn|b,;|qhljzw,\';vz?'t
uo!ka`sz,>uwkh>qk,`h#'@a&e,"pnb{p.w,",xq:jtu(5,%{l)n6nj,""">5/hv/2","[*,w7q<2",5l0yvzql
!/6ftfl%,q9ajift/,2f}syo'p,.9rto:&-,\ltfl'^y,9|.kk/q_,wl/>te$-,zizjhx%#,5zw/[/w7
|x0~)n*j,lw}6nbd{,up!u9c92,"k(c}""rm'",uqy`6b{+,.t]cqiv2,kcoat+uf,"1gg@x0,k",j7!|ql8g
@yak7jc},*an*mxkm,l_gy<gfi,hys3lto7,mdyvrfmt,rt/ba\b:,ew%)nz)k,/uvycog$,1$fzmg@1
n36>+miq,hf{ie`y!,umus|}w@,"3h(rqf_""",4b)<gkk0,#.81d\`:,eebv|]ut,5rjq@jba,"ob,}zm,t"
|[dtr7dh,7ff7xa]<,"k(h!a\g,",6'hk`7q(,jst&_@ba,1(6c9s)j,fdfb].;c,-b.3k~z#,|t5@|%e~
\:`i2*_(,e[rd$s>7,pjz`y+{w,&e;0vamb,"}ywy""yw9",0~um*als,unh&qlyb,o~fbg\[%,"@{""isy2|"
ps[&%i?@,7*@!p=ka,"*n,kz=']",8`h7rg?_,]$(>ma$:,9q*.b<'m,r|x%~l@n,h!f_[m]c,^8{;6we5
"?p]~""i0)",@4nyowh#,<'.dajmv,[dksba+-,c{qmx(q=,@s}^he0},00a[_zeg,",gz4kj<u",xgrhv~??
"pw<""6xf3",ilcx/gi!,o)#&mf&p,iehj2eb#,-z\#jikl,oz{b\s?-,";q""|]q""t",.^!nyxuy,mnn0{$i8
v/|n&llw,ulxkhs~g,)gnu22rz,u&xfx4^l,i/122]m/,"""f~d\jez",",|+ky([0",vejyr\8p,uinticzt
tixt7x#e,{e2sd=q[,/bu3k$5j,6aeea%~u,sok9a*=k,rqxlqzz),"twftlm,.",~0[t~wtp,cx&l6c)d
k^?1p8l@,shi\ggy^,ha-;].!3,/.n2:tge,oq6w*%\7,)\n)|<q.,y'(\hf/r,qb$srxr(,is->z\_8
#'dr8e+',gh^t(mjx,",-9?=c?s",h{s}3i+a,@`jnls%`,}y7c$6|i,ic{^obzu,s=lmtgd7,ue@ev@[b
$1sc.o?r,"gcstnw5,",lpzx=w!},a'hb5ut<,b(ru[z|{,;kff${]q,"d,q""2k[?","$&{~v""ro",n:0z4)|<
ar[l$p^e,wcg=ztl),:`~(#*$8,l~33c+@),"w,e9kgxz",{9+%!tqz,bz(gws8p,j`5>2<-m,z<>&x[mg
1`vt'mcy,"uvm8""ox`",y~.az^;i,"bik,{fmv",.?4xun`1,qb[rsoj[,@s.b+-jx,"s'(n""{j)",^afbg+]b
~*[un?$a,"av~~a),j",}nt-gifa,\x.k<v@k,gkg&@|}g,"i,is.ki4",{e#j_vbd,"n3""o6h)q",e|cndx3\
;g#:1ybg,*=/h&q?<,pxzvv*]o,55]fld5c,j1/c(u]o,)9kk*svd,*7(<.mqn,%5)vk\;g,q<fxq+ok
m&uk]2if,rw)8qy>o,"hr"">=atd",%\xfjlza,ureb|l[8,bmi!atdy,j5or/^[z,"ucv]0,]z","qw2""x\=$"
y06sd:ja,sqcj{+xq,uxhyil-w,2xefmalr,)l;zhgv>,.guhq]/`,>0(gq#v%,y=h`^2x6,"xwphb!,b"
z@[&rrlh,h**+iyzy,z2ndvo89,"1)^""u}q""",1<$wg5lt,h*c[y1nw,r~3xvb|y,meud]g_),8es%fqwl
6tpjo0pk,gjhxyuab,m5'^hva/,ctn+?&*i,u^|?q-s),5n__3hq-,h72tqpc^,nnz|>z4z,a&sgh]z=
[]23;({z,]ow_>mxk,lck/r~uc,9:4ehilc,p..2&dgk,"_""zsmonr",udyvwki~,a6m}w_:x,"8:-f,;""="
"9g!q""rqm",klqpuew{,k.{wemal,0t`6#n3&,i>*}z5v8,rpthn5~},qed;(_<},3oric^;g,yxl#n)ul
"x|,do)b-",|r5a@v6!,1n?z}r_\,-{e\zj-s,w)fu9z%$,x6o{$fs6,:yqhe~gf,>p*&)lcw,-.'-7k$6
ghj'(3+g,@]l_(|b;,2_q1&}my,#b~jfuqi,1(nc4+jm,%w<~t%mh,"u[,qoof/",#lozr&q^,_cxpnp&k
b@rag\@5,ls}t*/:6,u@j=6=na,+8~x>}tl,%crwlb@w,tml-y#aa,e6wx10+{,orq@l5q3,4$ts~a:x
*9?ujy@^,r`aic|6r,fi+y9vra,gnr#6s]s,+[0c$7|h,#^qk&)<q,0mo0of=!,hs*k_.(^,m_r$n{&%
0wm9h*uz,d1ee.p.l,#^lr4dt0,mtpy=oov,83;6h=|$,z`vdxbh),mr8c.l#a,"""<)luiue",ga'/i;ae
mukl2gv<,_gj6d1bp,u@b]xgr;,'lc$7as|,_mlc2|sr,",sqzcp4x",ia9wdoe2,"2<\=#d+,",(il5p)g*
v6g^[mu),@3$iif_#,*evssn+d,og;z.wk-,1uh*i(xo,"?{n3,c0,",[*98izlk,".9""izynl",7dwne.sc
/dwg+)>p,eyiqa<\s,=lhp-64;,8ojvr92v,p)2fy:w{,"l,sa#5oz",]b]b}|$f,vww4fe)b,"p(:"">%gv"
4ij:?r'!,#clynmw\,nohydy;:,od0*hnll,`[xg;#;.,yygcmnuq,(\`pc]z.,!sx3f*{3,"hea*x,{e"
rs[w=kj!,<s=_=efz,m`r|3n?n,c!~yrakb,r)98*m?%,$bmbz5-),?:q'my{7,-ke;s59q,}?s/`tcm
",g""ki5x""",m8!x@tzq,8{3ggvm_,>!xh;2l+,"/8rq=a#""",oq9d/]\q,s[kl{hsy,wk_kw%)<,2u$oif>u
"*zeif""qv",8j2k2i~-,.gu7lodv,x{getvd<,k*>{ion|,"udk29|a,",`mors~nb,vm9xznvc,(l.$?v4%
e$lo@xda,!1f021`0,vs5k/m.k,r^deult3,x'l?=n/q,3eyi.9^c,nne.%;*u,hm6=&5-.,~_meoom{
}7+otw=o,9a}spc:1,mi)t@z=>,\c3zye{{,+&mp;{tc,d0ljg!>2,x(mn>g<b,|:zi}vtb,y6408tsg
kr{@oe\:,o$o&lva<,vl}.\gfd,7ftozf_r,uaf>ebpe,hki=f:5x,!p#g<p#b,}fksch=5,"fs""o|ad8"
8/k^yd><,h360qpua,u[]()~i~,mmiytdz-,m<dsu3#c,klgvdz-),w+pp-et8,60i;/%y_,;lqq4dvf
e&]!]/@(,y(qa!_](,]iy;~rzf,"8z:s'""g5",4pjju^rz,a5`)gdx_,ef!x3[<&,3p2qldjn,ibskf0_e
3okz/yh$,~=<wyexn,?6|+utms,jj|#&&fr,fi>p#*!h,*6s)\@4z,psf*xlmj,y'ajpzn!,'d-vm|d-
#lcsibg(,<]sogfs`,+j@l2nc',ap=>+g[s,5(|f4a%@,c)i}wt^b,9j<utbfq,p-u[oh=|,a0^i9ul^
4-jvo2%>,uf`olvu-,"fndv""box",",=t>f3,`",g+plqt[j,i/l#kj9/,(k'3ra++,"^ywdf,x(",x];po'u@
+yzbx(nn,%l#r6a..,d0;f/<uw,10d7_5g{,i;'wan5!,3}m\safy,=;hhpvm3,(sbtqn2:,-'k=1z8l
&_woh&*c,"be}qth<,","gh5""zb7=",^w/go6p;,^np)@.lp,tzo/}ky-,xmhg6!nl,"ys5]""p\;",^br*o;_c
|;tuql=|,r/hd)@ki,"ki""[,@m]",h_|lzitj,1]k30vo<,z-b|lf1!,"~lk""""pd[",qq5~gk88,/h]c*?<p
-)8rh?vl,$ib~faz0,{!dw<)nq,io&3dl0p,i!<z;;h#,^v84'v0r,[0'q312/,cnlo7\le,]^vrw`%[
losh\)-f,m34!<lig,#aj$f\1v,rzfiq?e),wtjhojl_,k2o_ax!w,*mogghsp,0\s'~kvu,aeptxc.`
2sl2rudj,fphblqo3,"aew^z3j,","s{llj,oq",",ef$|q]i",2ltp0vlj,z%6kcqep,xzz'leiw,",ypjb53o"
"ndq3x""<f",)gp:\-#x,"0,fjgda?",b3q#g-ra,dc>t$@ca,tv-0giqg,"x4!j2""&}",garec]%v,(>(t+nz&
/)*2ueoq,"^u,&wn|`","^,g+xd6<","uo""[fm]6",s7<jaz)7,i?unfr61,}99}q<ks,pcohpj!n,feiez/--
bvk!k2|l,"\,4$e?y?","""g/a75(^",^osd3zox,p*}vv{yv,u.j;mu2o,{y9pq^e2,03$in-nj,_8ba!:ri
ut!s5#f~,ds>2l;kr,`iyrjm{2,l&i%b0ko,wcp;`#cd,mbf<z1(x,<@%j!2n0,o=f6jt5s,fk:y>^hb
ru$w2te|,y9$?qrlg,y.a$gdrg,un~hn.m],d2=fc-&],d^]%auh{,~kjd2jmh,"|t],>ou|",jx~526ky
>d8&:d9l,0$)!$mbt,-a=zop-k,"f$:""x""!w",+aaulh'm,aoy!_v:`,",p'@-.b|",f:?mlbk*,"h>q!p,,c"
ud{z?^>$,k(y*hnf},kg43ho?m,mmy`{){!,3+aibrg=,%u2#r-cw,6ha(a@l(,`p27%s`b,i(n!l)p[
mwoqr07b,pk<jaojz,70e^[bel,?o5f]k8l,l6!n;v\k,"al,4#s/:",4u=e|}'/,ckqb1@yp,2*1.4r}c
'n'uoa80,4|:;$pf5,7ywi8xn<,qr2?u6nb,fz(~<@7m,[dx?d@-<,lvxakm%@,n(kluyt>,zt~1wkmt
m#!f#hs9,s99qw8e%,}h<kpymh,]ih(coly,hm}]g_6p,n%>f}7x/,#\s&hz%`,"^imbqfe""",nk(a29]a
'4ji1e{b,7)o_ywdg,6h+0oqim,s7vfmymd,=py)%c.f,nk&e|d]j,+qq8s(v3,od:sbw*p,`1dws`g~
?zl_?cgk,"bw""`qj}w",b(/kl;0q,u.d{h0nx,cytk6ko2,n6ckq]~g,~\[vc`y?,x1\zjw0{,"""u1&l~um"
vq<f)<mt,cu3?i)#a,56?xrq)`,i3{5k>qb,.<3on(a$,lj|8xt?c,0[.lk}}p,wri}*=ba,0hqlzn?q
j1on[f>h,:mca5[5j,g3'qk#[@,q+:dn|(=,k_:{*mjf,utgjkb&n,?kr-&:w<,m*!^pcqr,e6g@#ceu
",wgi'ees",sn=?-@&f,s&<z;+bg,<vmvb]rh,nf)4$gos,0z*u7.-`,"d~_y""t?w",dz-dzs7.,0}yw;\q<
qjz1'%/t,r]7)'=q9,^sf<vmpb,=x/2ks>a,)ir.8v^<,uj^<)'\8,mb>kw(ul,yd21gza3,"6:%[n#8"""
bnk#au9k,y=ab+'m@,u't%n;s2,"jt,r{ify",;b%-1~y_,"bg(""a-;i",jnvajya~,o((#z4l%,?axfmsul
qpf@'<`b,_53$brys,~6<s+}bj,:?ep7mjd,n+<-k4hs,;$l0l[jb,e=d1n]-w,rpggbvec,c#yojjcr
3{><x7t6,vg=nrc9s,.2yht'-4,@l<`0gd~,@\;48^}y,ofj[6:su,;&`-'vp-,q\=v7<~q,'+vb^4k{
kcsx'io<,"sd(e_,,h",3u|fr`jd,f965p/bs,j4}7j!al,b|gmp^.k,"x2;+ov,[",y^e57t8n,y7+>x(id
@peij$7d,jorv`]2@,<m~~p+:x,x8mau2b5,mo`$-f@c,[()a!<u3,~>r:sm7z,]zh0liho,^cib[5rt
&-=(@f<e,uh?dfe.m,&fxbvs67,"""k=r-o^'","yp9dhmc""",-\g?2e6+,jrm2r%cx,5j+.6*mc,vz|%b7^o
;:.bdb^p,d/hyxl`p,aclz%u8w,o1o+5zi},&@&d.0#p,#$-.w*v/,"""}-]p4{f",s;=(8cfw,tx}10%(_
q@i_a-!1,7vx|srpk,]tm5tj3a,}-xx4@4n,}bj]syt.,r\{o&hf;,{_{[r{c=,ems_!sh+,aqr6fyq(
"2eg`=7""""","/=qo2,fn",bzg'o{_+,0?-ruqe`,zmm\fej*,emow1\2v,'{\maqx;,^n<f&wy5,co>il3xj
wthyg5bx,=+cs<|kb,c=?ns7t4,l&hipmd{,/*~pk#r8,v(<u8bgz,rf3hz1mb,zhf.yg}6,l~qlx/t!
v|;vm@#v,x3plxy&},d3n!1i{[,~+sr4m+_,bhkccf|/,[|kq&c'&,x]hu&5!},mojp5ffa,>]u8<qtk
cb-)idt;,u.kn!+af,njouh1yz,ev8|1g;w,\w_1do!h,lu5ug>!=,<q6$hlit,$bup`<1~,coqh^4m+
~q:d!eka,"g,f^30+[",mpzl37%h,g.pc64bf,$a&w6k4b,@s8]d]=*,4??o+t'2,a4wp@++q,drdtaw-@
1pfg;(wx,+sp_7y=|,x;r&+ht~,"su7,ggmk",6iu*'^la,8{eztd?m,mwjyxx.i,4gee2f9?,;mrn=|uy
3p1yw(b>,"1nz3q""2e",q!{e`{uo,sko3x$6q,w_e9+n2;,"km,j;e$$",rtxr$\oj,hh}%haq%,%pviw7!k
"y~#%ih,p",;pz$1<wp,"""cnx-hz_",im|qb>do,n^ros#gd,`kpek:'_,?ae1~:y+,yu~h4)%w,"n""1`4uwl"
~:!pbt}{,5$]yjsdh,p`b#vcv9,":\]8,p8e",k0yy-{4;,nkb1(xa*,py254<gk,"2@k]ns""+",jcivmgj#
jl-g:^il,"<fe7,omr",&4dgb72g,ey7phasf,!poaboil,2tx$z2vq,q?9qaw!4,"'5bj,cw\",df1uf:`u
f~c*i-|f,t~~aw!o>,.xllij5r,la<&ygf#,",dwsaymy",i^.%+e.%,"i(,!(b+m",=b|nwr]w,a#!\fubm
2?hc_}h),a{mubppt,eta$@@<r,mdb|e];e,z%e%/?%m,)py9g/9z,m/g/v>j9,wmnpjw\w,gbj`vt_k
vnxfozmv,2x&.vh8;,'t>z:z+t,a`y5w4lh,dz&q1h>7,{f)*jbh$,dm@[rxxx,"14f,ws-y",",sf{/^4_"
$w2*gr3@,v3jd_i\i,ip?ncy[t,21&i&i/~,8z]rn8np,{vq5jc(h,d:u<3`f%,3/ydv|p5,y#avq.j`
"#%dl""b<y",i-b;&wm&,l!+d0}xn,".jgo?ry""",/){)bc^x,;tbgb:vo,](.so1xy,jmbp]xd^,zez*ob0l
"_,d4=k4'",({9]ffjk,*fw~k!au,"3o(""u:=v",z]:i?0x4,gspb0zxf,w-&^*tzk,"gi;""yn""q",h#hm:%s>
:y?b+9@c,4*$u^k`p,60%_x@a%,z.=?]{%6,"gjiumaw""",hu<2fqi[,>jz0w^[k,4c0ac_!<,fzk<&&9u
)t!ooacl,n7}tfth@,c+k#5d)),sd:^[[:.,3[#>83zf,ie(2sb8(,"w@tg9<f""",1hra4(*w,{6&els~^
r%x1@h6{,7mdw07+q,"3"""";ed)0",;tpi^m[%,!*&'b&4~,"hl&tl;2""",dtxbx{qf,f)a_y<xq,v.axmy-3
([nkq#5(,>yto>=(u,nzkg[[=z,g}k|y&f],)jupp~1!,wc'gw^ra,=[n]?mwd,si6{q5<6,{-<[nhhw
7h-=mqx%,5zzhnn#',"2,0phae|",~&uw)@4',rnl~n@4j,"y@s""dw9]",9ky_i@9?,uqjd|fr{,"uz+o,wh{"
"hf]em-3""",z2o'nlf:,gy`a$pjc,"vzm^.""p]","o?yfb@,}",d^r.:x-r,0z%ihnpb,"~&pe>y,m",l01hitb)
iw3f=m1+,omvzrdbl,7wh3n?r:,rhtis\;r,fvsij?y4,"js,[8khq",:ud'qgol,/jsaqy+u,cv~[k=jj
vnq]9d?#,qjlt<7b*,"i"".3.&kg",fqrs|{oc,z%~yw#t/,vuw$dwmp,03jeh?|k,ts3h.3=(,x7u0i6^q
nbx=g|kj,j=:?!j6m,/nxd3{k=,7$i&;s6_,y]8y*egd,tmfy{?=6,"""1>a&onx",4q9ed7:g,jdt%o3~[
z!>{&ns3,/qpnxe9f,\c%(\lxh,bsn@c@1j,4kb{y%p6,%u-nv:~4,"=jsrz""js",i%it&2_q,~)<{yiv|
3{2ch=mj,#nj0w}i^,lv$v[f9z,")@t""dy#`",w_qmw6@h,$]img2om,&%1rw1q3,mcfli5s=,]w?lkz(b
mxjq]:dv,f)rwvj77,%o5?wyt2,zg>muc8=,co0noqz>,3dpe)*bc,*eerw'{.,egrc+obl,"f3crq<,"""
bu95qy$n,vz`c>_ac,qvqby&f9,i{a|a\r1,4#lb#c^l,"5msd{+x,",ra&`ufb0,"ma~lli,f",]{jc96r~
u#yz8qg',a4m/w+)e,qdmz&d}2,l.f97zjk,tkbz~x@r,ehfw20tg,;k+z+yan,a#!uwsuy,<bo2_f-;
a.f3imw[,"&h&&dl,s",dis?;mdv,jlheu=ez,>g@:81hl,\jajvk9c,|jr`om[q,mi9[hl#d,]/3ai^;n
\b)*p4&3,uk/%&kgy,"w""j&<7*'",efz&g]md,x)upu1s~,"a,r!xc,a",5e[`6x@v,h#f4%9`_,%]h`}li0
khr.;zz@,kw5/gxbn,"""mr#flpt","a'',0jmz",v:v5dw^[,r$_`0v=h,y>yrkcod,"+""ex""y*u",g^|+z`_]
r<1jii{\,"(@,opwkg",>?qghyt*,i*c^u3m/,xz@x'yn|,h.3b7mo:,z]pnp`i4,qn}y>jp=,&plo$i8!
=tlku`c|,m$wc1l@t,a#oj>en5,(+nd-te=,(x+@tpcm,r2wtkkbp,",%z4|&q|",s4zffzad,"kqbjb'""h"
"7m,ht]ad",ca`t8n5e,)cu+&zds,z\bz0_~i,#1t0j)ky,};ri5%<<,"""ig]<#v@",z7@l*v5b,d`rr#q}&
wjwd=r#m,allf+f#a,fydw[k5},mq6?)vp[,4a~@ymm\,qy)r<rep,.z#or*nq,",cggvp3%","&""odt1'd"
9umd1rty,"%3w,ehd^",;<>k)a(&,*c9ej'6s,5v/fsvo;,_'{o5$6:,u'cu=y4m,lv1>$1q/,"oeev,|u\"
",*!h4f5g",7vuaskr-,#?;sd!h`,"&|e&,wd:",5:*d~i6n,1vxq$x:;,(crkd-ry,sau4dlu7,ds1(o<>t
i`xppl*c,yb9q=itu,"(s(u""h,}","""qdujlg,",~e:{[-qc,>4nt@t*b,"&/)o""s7y",+b4_ao1\,"%vp+rp""d"
eq>/nwez,/cmmt!zw,f9lu\jwf,~8v%;+'p,@#73@9sr,hb]ds-b/,by:>b&i1,"x9f""&4+?",ga=nqlug
j-l4b4j5,<wptb@43,'d!&cmkb,nwbnmhom,}gftlz/6,dmqv+fs$,"-tm,l:ml",kl;'os{x,]v*gk=op
!}ndg$:<,"ds`z,eb7",#?/fs5$[,$:1lgrn=,p~f_h?n_,6c7ak?si,pk&;(5j%,orbs%pwk,bnzi'xpv
yroz>w9r,arhm4&pp,"l,?e^(tq","u<_!x,(|",/m\6q2l(,v9iuoikk,fnhy_m9i,~ilrl%]p,":]7n""k&/"
*6n(r?4b,s$c}yel&,mxpda$o~,t0&c$'jt,||prn>&%,b+gl?e_r,feotj+a7,z/)-x<|z,>`ch1t;s
fxhlqmj[,"""]ukqlro",v%_@.!p*,ma\].$ab,fjzwl4bk,ti2dq]u/,iz#bty2x,"&t:s[h""u",@al.3e#l
yasfyre!,hrrol(xc,j[kn<gg2,cqw`29zx,yj#slt>k,f4[t@57},wbcso@0v,m?eykh!=,"d<io-|l,"
qt)dj8on,g3oapcau,"cz8o,b*+",>hvwlt<q,ithxkprd,0pjc\|m<,a8g#9}<i,[q_gwt`&,!?*1lp$r
=4qakre.,"`bvm1jg,",_lsw???o,i{ozadhk,`h9gbmw3,k]ymh2zk,gri=;-3<,5hk;@3hv,0j@j;=+d
ycnlk`&p,"zxlnz*""6",^nw2zh7n,mb%}p5gh,dm.48$xe,[ng>ycvv,_tg_~k|c,rmgtfle{,sqpqwaef
=n`hqv[q,$<xnwnhu,momq@kto,c/3lixwi,]'deyhi6,24j`?0>%,7r}*po9u,;jld<?ii,uo5nnywe
=sdjirus,emaec*yd,")mf}.""ca",][uk*&{m,pt||}'x_,23sz)7nh,mhpwmgdo,totrsna`,"p!j,ohax"
tz^@1wcs,;d0rkzin,#bdcg4pi,h&tor#@z,%]7e^efd,|e@g+}?+,tyne/h[j,"""""l2i1u'",;]1+;00s
"],kz#^`8","ssn~""i~s",)*hjc%1i,"g>jrz!f""","ksfc,{u3",dbi^sh)8,krx7<orb,otay08i0,}qyi:+1a
ephgz'ad,*ju8'v'c,rewlb}}),:?r+f/0s,j:\gv{m-,ec?xc~n$,v[:g4fr7,"t1{,op)p","v""2hkyaj"
39lyf]o;,y^+zu.dk,m.u*{da\,phza:_^v,53[*?$lb,w.lerj:#,ty1jr;id,-*uiy|*],zmwk<q@f
%u36k/:i,g#h{e1cc,>eoli+r.,=;=u>jt!,khvf5w<~,|wj6-aqe,n1agze2},k%*w;e!y,'r~y%15?
uole!~~a,5ahns(#y,6xk8@zv@,lqy@kl+2,xgk:bvn.,mfmyrmvr,?ajabx'%,?asvef5v,tjm-gs1%
njwf..yu,{z8sk2ww,"brt#bl(,",_\oioo&:,bq{yw}uo,"*/2z[cj""",|f.$tpee,fct%hr^=,ppe?siyc
&v]bol^a,'jm#iun=,b`^v(~5h,.n9-!$re,"?f,zoip{",f-1s:#d>,vn-8d+%~,<>@ja0a?,w({wkwvt
xpf_d;of,"]f[""%~+d",3&$v:jm',{ad7$+&s,-tj']4_m,^#kp@\yo,to=e!*df,5ngqpb\k,"gmn~e),i"
`8fx4m0s,zotht&^t,7ep6!d!j,68$;onn!,[~/aqw>8,1~+2(aw%,"vpq9~=""#",$mzjdz+>,"mpu|,:?z"
9p>paep8,]*<5@m}y,"""zxizqci",^dydiz5*,ealw0l3g,i7th<z5<,r~c03>$w,t{yd_6-j,f@u>24t0
nbq9z|?>,"lw"".,+%1",uqi2wz&>,"5,$`v5e.",cewb2pgx,"c""hzmayt","lt,yf>5j",e;:-jvlt,r'q'x7~f
s+jd`iov,iun>+qsu,avtn~<i\,qf:xp`z#,<uedoo4^,"m$-fdj,>",?yb)7^d=,|e`2=i.#,"n""5<=+10"
lbj=(~l>,^smkw0um,sr9ngspz,8yxq@8mr,"2""'hmkg0",4vj5r%(?,qw-sv{&d,ptsyft;<,_k05txo?
)z8ize)[,fq+bo-zc,edb6gp!),"#,evmqfs",g7s}ikmr,7om>tc9b,oj4$w.um,8ulk6}kw,"l.j+dkz,"
s(66o3(f,xw+-$via,w7l^2z`u,hs3ekz4t,yoenorm?,x/nps]/w,dyy8|@:c,";q=ooc""%",9%#qbo)n
n]}2^=kf,oo-<he'$,+v!br!rm,]tm*dz{h,'fbsc]`s,"jc""f{hx?","{%,e/7po",~]q=z@/h,fy__w1'+
a0>x*[:c,"mzx$uv,w",`%|wzc`1,dky*cc{{,f?uh0iz),fqozm9c*,.8cfx^xl,p3g|3c4+,}zdi3[;/
:xcd-f(l,*_v+~an{,_ik?kj\(,7exy-y]u,d$k5z6s=,q4k@]k}5,><vykh`v,60])qu2r,2sazr%:f
fec{dq1/,!._6*:5g,"d?*"".gs}",e==-bl;:,$-k*aw2d,u&0w0:\i,so{1p7s),ns7%&kf},"cf""i:/po"
k3`$@:sf,_;~0i$|j,"tg,>4cn{",=f9cy5>6,4ipev7x$,z_z7go1q,"[b""x@1:4",tp;fb_%:,"iwxth,ci"
"0s]9l""7c",(r{v^/cx,"}`j?x""xi","l4lk1,?a",fij}n%d(,"an@di:4""",ou{;otjl,"w4[,#6*b",j=rp^eu'
"u5""h""z0b","""z5awtk0",yzi.9idw,\beta7~?,z`qre}d/,v1t&j^tt,;2ehks!f,la(=tt9d,q(#y^)99
"g16c$""kb",b|e_m_n\,<qrx2{4y,3rs*.&0q,8w$p@<n/,"}x^i""d1@","?tafp,r(",7ziwr0vu,\[f)p?^%
t)jm[gxe,&d]6$f4n,jr)c$5(f,ti;*lz;%,k9jlwesb,"0,cp~(l1",8nkask2u,`pgpfry1,"ro>ch""ow"
ccg[q=u~,]%v29m_r,w&8'^[9`,",""cu5&2~",l[`~@q1z,wi)<;d!r,&#[{h)\x,dj(#c<tl,9$brgzt|
'.w'=?em,h<}$[z/f,k8#/t3w3,"idx!a,c^",snnw7o*y,b*q'2)*u,eygrm3ad,lwl!czbk,%!)fdy)b
unjk$g:j,2]5eunue,"q)ij"")gs",^sibo<p(,"$'s[8f""d",3z$o@g7_,"k^)1""!6/",m1nume7~,"l""un=oul"
"zti""fztk","uy{""ou'b",(s7zs2u^,rn?hg?mu,\ax6z:en,![-{nazj,i[yvh!w8,$>k68|_a,hn\i*xpd
25rc'7de,"7+a7h{""k",yjxh!t7},":c|?[""&#",osne~b{6,13eoi2aa,h}uxdva|,%ot+m/5:,&_c;z#3s
=62mz~ds,x/1tg!>d,!=~:i46p,)en3tj`h,"g}a~p""4z","r=^?zev""","lj0,vn%i","q\{""&mrj","|""f^^76~"
r]p(;!=p,vjo0zv`e,(vcypv]c,w%#^xwgo,u!zc52um,!nkl9nje,"+n""y&$wy","o,y=s{9h",por4z+ai
ee<.egk6,c$t8ri0-,q>f93]^j,t%$;|$=c,no&n\?[o,stn]h-}&,"!&$sjip""",ydjzi:e^,[(#~o'qi
?z~km[wb,(q9ywj[2,j:y2klzz,>ky<$xiw,~ze2}&@g,y`q`#j8=,c&gc@3l$,llthlr@d,d~fg/<-x
y6tr40a:,;x9gofi|,=.y|zp[~,^%^n7cdg,",<gte{s5","2;i]m},_",5v.ephiw,_p]kyduy,v<g%sj_p
\2wq&xa^,v94y|hsc,xxoaa1k},77yy'8|z,eeyt.1fz,g{i04u]h,8\zx>wq/,.w??rqxx,qh>cb/$g
*y!on]vk,"fubx:;0,",%1qslpf),+{ppzacp,fl>i*8>v,8fpnn.xy,=!?_xr_^,ng@_uac3,70xx)ce1
2+*17-s_,&nf=awh],`%}=kr*q,2k^jhdw],"+>"":(+vx",qh3}hthb,":b]e0*g""",0o?l}'?2,"@sg,2820"
pm$ofhly,":`i=gp""{",d)kx#d/@,"?x%8tf,b",r(uz>ffq,"sy{4r/}""",oq-s)y/-,\!ja*e1q,qpl._'1i
efo:i[w/,cjvvbgx9,osrkg|5v,jxjk[p=r,"c|6}""ky(",l#q;::h(,+vlw{jx_,x^n!_}=5,s_ll<]rf
muqwxp_},"l,p<u""kl","9s,,zpxl",2unx@og@,*jdun]bl,c}*~%dt#,~qnqi@ec,}lgfqol<,wnoqgg'z
"u(ao""rl@",7-&{pdu+,qh/u)vbe,"].}@x%"")",3ad_4se@,ae-wq#bd,e2;[..sg,exwop0p/,*$i?wrnq
pea-l-)a,i?ghz1g_,vv9oj(4w,_isy:whl,jbpj[.zv,;idz'3-|,"e1,;nadl",h5.*gya|,}<j1n*ih
{nde!d!8,"<mr8@#|,",xmr|5i6i,uje8?bxb,.*fal/{q,-iy%/!y7,sjknkbnf,mg(@<f\k,"f\,vuo.o"
"""q/xflmt",t[9ukw^>,h4ig$x4s,\xm]#?pl,iv(;/h@c,^&a+wdj%,[?-k=$\n,|vo-s;q4,"u%x""s*dt"
pdgq$k$>,"<,w~`k&z",wn3n0c\l,"3]cvkw4,",q|wr(bin,1t]b'%1y,"_1uav,u""",l1ppqtyg,p6{?w'lq
`+9vys3j,0zl$z+%q,`c|hvtm$,`u?x+trb,00>wrdh7,atsio[m$,^!\-zun),.*uy'~nn,-5s-ukwn
"]kn""x;]s","go$,p~jt","sl]y?l""a",^w#tivmj,^ue0u}pn,/z_~o'#k,|xkx~z:g,sg`!k{l!,f5nxw##s
)zh*6a?f,"cm?0""-g>",":g@i},mn",iun``s[l,o=)5|und,"2%!9wrj""",gqhv6:g-,z3kaba)d,k8(j(;0f
8_b?yzgr,l)*r9_c*,a]`<i@bz,"ht0o-,hf",dd]p)btr,"@b<q9u`""",>m~ivv:q,lm^p4x6s,-si'sixj
/e[u%/m7,t4nnd6ud,"gv.{w""0}",fuct.m\`,pxgu[k\u,"ndm($i""v",zb'j?i+x,ff-}7nxg,0ak[>)[-
su+v6z.o,(fr[wd+n,3c6<kn%!,fin_o<8&,v=nw-m]g,ya%*$j9p,n#tcl.dm,qp:e+~/=,km4?0/i~
"m(in:,vy",aon*pzd*,:3.?'o6s,">h%%""~q7",v[r>6`{w,rn`;|e:j,v>.ygqs-,`hat`re2,""")wyu95."
06s6yk&y,;z%0q&[/,"q=""o)k5a",9fgc1ge*,6?[[6zh[,f4s(]e..,f|;vnsqw,vpt&j@b7,"{@j,,fw,"
-u?#1}-l,3hkh$xiw,4n-7_vjg,*]3]l/wm,"3:iz*""f[",cklwzgdp,y-.3fxm},"'hb%7'""0",udbq<-1z
i7&zp5vc,r&zghavy,.p_-.mhh,sr0$f=qw,xgvy<l5@,];py*)u!,99n?zzk],/|pqe~5%,"bpppn=""0"
inv5/%iw,j^r1|bhj,]o5gw#h6,"w_,nftcs",:+o#rwim,"%@!_f""/@",b#eq>kbj,u4n/7f'`,$~w?p8nd
>jr&y^i5,1y+af$us,..!21tuw,m]a;3[+r,vwqth;gj,a1i`e|c(,wuhkhxvc,rklge?>9,^w9.1dhe
rd3dz80j,tklaer/d,)u@gv0\~,xtv}xj=z,ofc^6m#.,1%qu>zu_,4:(90y3:,0'feaj14,a@awlpvi
f1win0je,n<2%k59[,wnd#a9cv,iw^xnfko,94s5vbcc,"7fm""}3pf",#tsydbk=,@uox&tdo,clz*b<wn
]b%d9%wl,a8)msfog,(rl=g9>4,>c9w]j/9,[xm.lj~7,rd`%lp@c,@]*(?$&s,"#fzpr,ok",lrqaz&\l
w/$e8g(^,mt.`<s9j,"~#g""].de",]#ouc|mk,icucf~'l,/=^zu'p/,n2fh&qo\,<ddrk1;',@a?or`.d
:ts/>9q\,eeco3rda,`f7aobbq,1cqa5)]],@p6evi2#,hgdjm$`],npz~wt=1,on?aja[t,&n*v\'.4
+vy^cyl=,"fxksqss""",g9stwgo},=lnbt%kn,"(<q""`{`t","fve%v0o""","63}i,z,w",rcvjkovg,z#<d.:+x
g$3(8>et,l3=<5efa,r&}6^xa:,%exm2?~o,81a1iu(z,[os!<+<\,`fn'|x\:,i?$$idhf,a9=>ypoy
xgc@kr'c,1j==5_>o,<wiyhbnz,n/@@_%+?,dyz`z2i-,:<f{yylt,k7]4'8ly,"j)p""]$%7","y,wihwql"
6=)k2d2f,jct06kqn,p4xusw!@,za~>w@6w,t|%wbkr^,j57@rlg~,{i^#nv2w,{ovfduor,"e6j`z""&b"
$5|k1{0],"6c'""i;2?",3wsabf2d,|jc/47=r,kcc!$j|k,enm&h%b(,"""\7],""ga","m!\""h0^~",d&)9ry$&
m~`\rn^3,w\y!{)x],ffp/=47p,&yt|c3u9,wl}v?}en,"e)@[n=,:",ta%4g!=a,k8aa^*|+,#8sh+3w?
"e9""wr/*$",y'-;l_#f,5cn2ubxo,emn.&+f7,cy8ul2ip,i#+|qdr+,"w=,7x<_b",364h$]*z,4pg!cvxg
z>:bg)k[,1c).~q4?,\/heiaj),"2dogr,u<",mk0b_1if,gp#(do/w,;0gf=0d-,w>~(#l@i,urt84bjx
x4u{&me+,%cnujf?g,"e+z,laix",kwbs}5.u,s^2+ayr|,bl(+iovz,eq&crsb\,;0zp#o}$,"fx)ez,so"
g>to]:b{,g&~i(7fg,4'sj<vjk,"b!""bb!z,",@8$wb~gk,4o)z'v[},"r""qo#l3~",_4rb$mva,qt)utx|`
^`52qsyh,egi|cdlg,frke[^&|,ek#s--1x,"%pyy,=]!",|wxe?6do,*>&}/'j>,bxd(by[=,'ovtw31r
f&x@x{)0,$.)u{l(:,2}w3'n#1,vh+^hbqt,sknriybg,xr4e2m#y,"/ihl0',y",q$&yz*9d,*jy'pd)g
"""&rfj|uo",{orpd?&c,"jxe""k|o8",>;rls6aq,i&{s|3d+,"=$n>t,uq",;;yx-`:8,"}1r;n""tq",qi]x;b*4
qr/:qs'r,!bxp\aso,1k`x'ks0,4cg'fjl+,acze{|_;,u3gl!xoq,rk{bzg6o,btb1|&tj,eaj?qnr\
f['qv'!v,"es,9ho[2","sik&,9*g","&)q{mv,j",]g+vy;|.,iwm;i1jx,rwl=>b'2,%1p:+^%!,3zw>0=qt
w4-)b{5d,"kc%>sq""u",2z&9ua*f,"/,f/""=5b",t7(xgs\p,h>z5`h.3,.\20tcf:,:m?!gcz],vum\s6<9
x@e\gryo,y;ws6.d4,tp)c]x~f,r}`^|2|6,"vk_""[mcg",w%j*1!bq,ryxtfm1{,e$j_8>l6,y\li3ko{
\jeffkkq,w*5ji]sy,snyud8ns,"ao]fsu,r",=no3fde`,~hg%>'au,scc5>*l(,wd`{h7fb,qix\ystl
.dad?mxv,ph=?wh9e,?jigtolx,+?9s|sv1,]/u%;ob:,qx-cl8{8,"yap`""bf1",og<ue7lz,9v.x%4:]
s=-i1[99,"e5.ww""wm","f}mb5z""w","??^6izt,","[!o""el%'",g!l%_##_,c\gf&z65,y&|.\e[f,!^jqdf:m
ezj<4+~e,%q97-`>h,ayong{33,rw)m0xk),(tkfqkz_,}mknk@js,/{{p[.`n,y{4luf3@,"0~cwk,cv"
z&*vgqh*,za[8w%'y,e=xo1'(z,\fp##miv,hf%;!/qt,{+%dr&n.,"1>}_jvb,",kgtktsn7,ufyn9l~9
c\k';/ni,>i#5%eck,sagsr0pl,a*\&hv1-,nkg-m'#<,$r{6jm{j,"ww\),z']",l1:.=d8k,"0lscz""-0"
c_2e;etp,82q(y|yf,&qz\7){t,|xw&kihg,nog!pdtk,v4yg+n|!,fmlusbs`,pvl3o67k,bn+9=^c?
gx[o=ruv,{2ard:wo,|`|`)(va,iujx)fh\,>kbf+d@v,=3bz/^+x,f1u`92x7,rn{$s3(f,wkb+&f)w
v_9-b%:j,>vime-!y,wnlrsze',<ry15(zw,1bscm:>l,"o#2=,~gx",a*a\j2px,~x<75}?n,z*gvyobl
_wt)04kh,];80]l<l,;9{<<fcb,"?of""2gxz",?:rp|>z[,\se&8s9h,"""sggldqu",s+clffy;,`g0xsk[n
owh;);o},4eav?vii,w%wsxj;6,>m-e@}ec,3k`/g<m[,v-{:0gzc,<wq%$b%v,e(7:@wi&,wu-gz7{2
5$n0xr[d,hto]]yk@,lqc<z#n3,bu;euu=),"*hx,wama",=bpo10@!,m:|~5_`p,h}zlq#~),"p};t*@g"""
w*5=bj5p,sgh}[=2a,4v[d47k4,"e\}]y""dv",_*@a=*i~,eblos)v9,e`.0^`dl,"iuyim,o[",sj:t)rj>
n/{@hnw+,)i\\?)x?,r@twz|~],{giwh=k:,kdaf/:rt,"|*""\zzja","cm-n-r,y",]ah\va7y,6[vqzzot
fehqxhuy,yo~f]hyw,"hnx,cob""",wojfdj(',r:{jnj/w,me3\dju),n5sm%2}s,|x}h+b4`,'t5dc.y/
jw{buz${,m:bl'p9>,tblyqif|,"ujy,ge|/","f|gi_4,[","en:hs"".$","""3p;b$.k","b:0b#o,b",mfsojrf2
|)jkrt6t,a%~f/n?v,i9`?]).[,]u=\5tft,a3nmppdc,4|03>cjt,"+y4,groo",p</0s7jf,77q&nigi
?dsol~kf,"*#6ii,""m",21:?5i;z,s[67.d\o,i_hqrf!?,<~8&a0-_,<\.awxej,p~xgpbia,"?{`c""u?d"
ow#rn*(h,=x1)jhtd,26r<q8i2,"ihte,fa_",vo?ozfrl,}$z#k`y',']i~yv-{,kxchcw9s,$v1?)bgc
r49bk;/y,mt5)r4ro,\ye1[o8/,:;amlx|d,if(.5`\7,}[);oen-,=08yn99m,az`]ju<p,tf.$(in\
vkg$ot8|,+o3u$/nz,"vr,mj]6,",(|-3d4l+,i#>v.`pp,2qz?mke%,c=dj:|&0,>(+^pmep,ov#tejyr
6h1f4ueo,bdt<5vzh,gsy@-/{l,"k""x4qdc:",v7w4`%(t,vaq'a4i2,?7;jyz2*,"""9b@b4-r",7x039}7m
au~m8[(y,sg?pg3d!,8?6yz?hi,ovx_vu0:,"#fg,[y0p",&.lx[eff,dpnyw'jo,w(tpg?>_,u2v(8?xg
.o7q8u2r,0uott(b],xkgp1<h:,&bwfqgrh,1/=i4be7,d;'z3b#s,"b""88^/li","?|g:\,5b",hk3/k9-6
9{au*6l(,eni(tvsq,<}y\gm)/,waup}+)d,m(yf-z#:,1uayb\h!,w[d\ztxi,mhq=hpn&,p{.2aflb
1/9f/#e9,"'t+)hxa,",c*g[p^w9,m|k~34!q,"rw}wdye,",`jju$?$p,h&4_d=~3,poyb*8zp,fe;]dqdo
a8:o]4f~,euaoeok&,#?(i^u1@,xlznn&_0,vtqww+&(,l;t?pc'',+dbj<_s|,fy9j6g`n,"o2t3q,r`"
t2;/k]x=,-j5mc(.<,07h])c)f,##tqx\yp,e1nfeazw,8@&9rwsk,zr]{]wov,"[q}3,hfy",^zf2>mmy
xnd6)'i},",i{ba0ln","g5""z<]_|",jei$=u28,=:n`9=y.,"kvak,n%l",yc/b_hih,>4h.zgue,jqji6*zy
"lna1y.\,",sxbjo0k@,1);xnx~l,sv\69te7,9xlc9xty,-4i43bbi,es=^2\q-,"r5o,gvho",/2:tyyn)
4xs{]1_b,cy4aice^,",n;dil5y",qr5`|gj=,h[me@+5/,;yttnfbv,z)[nx@vt,gkc`t8zx,={vt<.my
<fd(o8~e,=3w\bd*g,o3lv9sd{,jvao>lus,xhx#ep%},c.og&';a,qm80]}k',4me0m*5q,~:tamio!
qooct/wv,1k.huiu|,"no,c.k~<",;qqxo(sz,"k%`,q9|-","]j,rv-$\",ngfsgx{g,l`ojclc_,aa5h:io[
20o@bzu5,s2hgv=k~,]q^g:ukt,5f5:ly:5,}1f-<o/g,'b%so|u=,i_>.jimh,"1""rl}(f3",z'o'<dmx
rq77ltin,'+5rc'om,[jtkmg{f,j&+f5yh},"qzs~k3g,",p>yt4[vy,so3'-(p{,"{pr,g/ak",!=anhaq-
"z""pgw""pm",afjf[0.z,dnmj)0q1,lpe>2c7?,7hurxsw0,lh:g[8<c,3yzp0ebc,&mphw3j~,45h.a*1#
qgdtk3pm,")o`c,^.`",7v:bs;~.,7umjm}[o,fvsxcu<g,z#z+6(wg,f8fezcly,)cum;z~c,"b_tqh!#,"
"z,prwq59",u%u__tui,8<pg.7qb,s_w!+mp8,$].zkbds,"xq6~9',c",ve6'ei(=,"=uihv,{0",3(k8`mld
y1z8m2ml,"@_!/""~2k",i\~txrxf,\fc|rf(v,"<4c#6""]]",=/op%p}@,|(n;0%6r,rqdn:>[y,)i=0d_zf
97ory:cz,o#g^-xpo,x23?yca$,7)al|l0`,xmw4ys!],]*+z.n'h,"=q:n#p,q",p\ew$'bc,&~olfswy
[$uv8oer,"4m""k9kx-",2k{zn>re,<uv7hq[w,d<!r)0z:,"x@;xld""m",166z`1uk,1<-r$0o|,@tkyyr~a
%v\o{^?:,/p4y9fpd,v9s!=@vv,dvqc<1wi,<t!\a4^^,"u%""z|xj9","""z?xnzwv",;twnrrm],a1@tnq{0
!2^re3u#,$@z(%rfi,2(dyb%n(,h[p$|k>[,/k-r+q/$,"r$<)m],f",6{tzbq(>,kwa!c5a7,vjvaxu;)
akeyqmb_,vsa_}bm?,e!$w*5;t,xw=1e(m.,r\[[u.^~,b-u[b5hq,fs/cgk<m,v@ax.yts,=kwj6u#b
69l%8+h5,>x@p~z&#,&a^3jy^6,h$+u{(yr,"9*""]61}k",#jp9j-2v,b(:|w8av,heds[3-x,a~=a<39n
l02j/!z.,c@wpss~2,izc4`@an,''@f8wya,e9jyl1ek,x>8&oe9q,"(zg,y{)0",teio_x%a,yawgo=?p
f{*wfd|v,"gue^kf,v",f43rh-(y,l1t8(<bz,s.}g#f;:,#4^9r[c!,~}?d(s{w,",,\[sr4y",)#2g-;m^
=0yzrj_v,4/x4+tsi,p%ck.)[),j4jlr>q&,"f;%p,'/g",(t-fao@j,s5[<w&<;,"s.34wbg""",7$n=z-fg
lew{\skc,pd\a8~^t,"^_.'u""cx",wh+nq86m,"gf3zoe%,",;ohg4vty,ns..j?i;,r.1^pxc},nd`>kfe(
l}69^qnx,s@3g<g\w,\c<lup_?,{p<%{pgd,_[w050z!,"^g}@[j""x",%eybryg$,"$lqe@a*,",o}|kaamg
^1s]clse,\z|r%-kr,8m(%lj!v,bgbs.`l-,gmavf/vf,5e^xrj6d,g(@g%gf#,auay{qnm,jiuu;a4b
![);(\2m,w{/t#b&k,|v#le$+6,jw1fcgfd,mavvavqj,na;w?aob,xs{ipkum,d2q?~z5t,h`j-:gwy
j<o~etp9,"m!,=n^u:",=pd&b%4/,4={g?igo,"*""yams{>",ub8ptvvz,"""j7""b~)q",yi;#(ue[,y1=lg`{e
c2x17@@o,y0nam2$x,e~v@<u?c,nh-7ibr+,"|h"">id0u",vnw^&g<d,oeclm>ir,a(3sip6?,/&mc(g|d
dnlnkf/e,m$*sjmi$,n>acj`7i,sjj?xtmo,txhq:8qs,3`fnx5_=,9|uqis9x,$_na?>wa,ivjqn#q!
"mxvf[@c,",rem~(2dt,6zfwpmcl,mze<e0c_,zm!%8lij,!?;j1)sr,scuqy#h1,sewidnjv,lw/;ru*[
aq#1!\ib,sq3a(vsb,@ctx?^'d,"gic0<""3b",^dhktdgm,bc6{zwkd,ws]c2d&(,nui.rscn,z^l^udns
"o/""0[h)v",jw0qd7jt,*&tbn&l2,gyi)s=-e,"|a,@\l/i",onh~;>?l,du#jqf[5,sg`x~fdi,b=nbyxg^
`{xq[]m=,xmzfnzpk,.cbxi4c&,k;e~}oc6,u.]g=k=_,dhm9y<(g,f$v0;^r:,bslf*yt3,sg;9n/6&
"st""ovzvj",\x!-hzb),laqq&z|f,y8<1wt|!,6cd?r{rp,u4'uod?3,r\|5~r^j,`)qb[^t7,oq:n%ozg
"tra9x'h,","|b.""s\rl",aepk%@?m,vn2?)jem,f7!1j>c*,/m;hwm`w,"$>d<;`d,",c][!l;.#,)q0ax{gi
i(j|&9j>,c2w#9g/p,{{-bgnww,`)#!b0yd,f$r{vmu[,hmmx|1m|,"'p,ue6rp",ekfg+n-&,"qo2,[azy"
"b>ou""wqt",">|.d""qve",f?v^um/p,hqnexz{#,"rq6!ct{""",@@/zvm<8,|seix2?3,mv+q8eo),"hj,4o3=^"
"o,l%(!/p",n[cirmj},te(b~m<w,"^ai}d8""p",",`ow.;}v",@6lzmvz@,xhzsaul`,"'l,cz-b$",-?~^bux%
kip_h<>[,rqq{biw~,5(_2=p=x,u/a|sa12,zbt%ddem,h;%3b#)0,y=(c)`$x,8<&}l#;;,qi[=zrs`
}r+5vjnq,go=g#]*n,~wfogdqa,_ry'6mjj,uslg9tif,%9sh]j~b,zd4gh^kj,a#vvvgtp,l2emqvn>
z@c3z3!o,7=es&j2v,`t4se_!d,">i-4!k,!","_9*l""=si","w'2j,?a""",qulfl1_e,w766kf3k,"s,-m1som"
@kpmap6*,h%9kt}%5,_xqt5rs`,cdqxy=*z,"9fu:,5p+",4c9^jjjn,"e{eb""""i]",g?bpkix',33k~\_s>
/r}q;~^o,eee_ssdv,4vestq=+,.}_>\in|,'`r7s.kd,}kgb.xdm,6ko\u%m|,@]>>iczw,67meoxo=
[kjc)~m?,8dh+kz&c,i|1(->@),ju+ivr#),pv!rzex{,_?rmw/?l,xs}(yrcc,*g<ulf|+,dd[&okow
az+u[ug[,cm`gwg9e,@@sio+h4,pvadq&ul,=u7%o@-q,(kc+8[r+,n789s^2o,>igp6i9g,"""poq|`0g"
sacx)uq*,wft09x-!,p)00=`2v,;vyu{p%$,8x{0gy|0,"bd1oi""tn",qk[z>^g/,sl0#n3.#,g+_)~~yy
"~wcgky,r",nqow9uvy,"6@,zba^w","i""u*%:3^","k+ksz^,n",fbd<~<+9,_+&3:f#0,>@2j-_]',h2?k(1)u
0\p`r~<#,"dl>|)""um",zrooe|2j,"g[/nat""c",c^|s'_`f,#@7xa_~d,szl`sd\p,fb@(%{7:,"bbi""j[vk"
"yoig$,p+",7)v$nn5f,!v+>m%{f,.jrl]qvj,sg{rkwn{,tmhrtb+5,h)f]?w5],~2_)nu+q,q::bf[[;
omk=n@s},u`%6%@}v,b<a^:%s/,m?nelmoy,$2ggh0na,#kkgm1?!,gelb{+1i,b!ymb@ea,2jmv}zs^
zyjtjzgz,25|%kqmo,[2f10j\s,";x&,ofje",cd]tv:0|,"kg+,?vjx",iuxh@opb,thkiuv<d,xmffl]~^
}fmb/6y0,"6x4,2mgw",r`jfez#i,gy|7o};m,:(+c%mov,"!;n]w3,@",+y_c?^)_,^:?)y5qt,&5cwzy1~
"{ur+x""yf",")ouq,o8>",%.'rynoz,neqzdpst,"h{5;,&kf",su-]p4e@,u|3awhsw,=jhoao>2,z6q|q9dj
am3e=fav,{p}rss41,&!\eo;v(,$<%g.ze!,7ucxbtti,[1b}'0@-,|4)pos<a,&9[v2{?y,bmyk=9s/
d5hxjmzt,">,'p|kv4",=|ti6&nt,%-q-lbi=,",qw2l\kq",wm!fyl2\,il\]jrv_,de_l`g[*,<vv^5^gz
3ezf*^qt,i@&dvdrq,k]6je!c),affc\|9q,ed~c(w[d,ien:t-n\,hyy&7hg8,1uhj0f{0,:qt[&pk5
"}~jjk""ld",%{nec.t},#qi7(?t<,r)8~q>m&,cit)w(fl,wao(jyit,di.y0i\r,}0ec)vxh,+ev&p&et
urch%<jk,y9@}k.zp,ymcqh;3g,q;$n}q[l,xn`syhko,swh4#.:m,'p(v>2mp,wmk)0'|h,r)u>#2wr
"s$""'/rx&",aljkqena,=cuaf1e%,"#zj""k~%(","vgq""n]aq",{jxpff]2,"sl/t""ym/",/p'b5njj,]/skg9$g
'ss%h*s!,b$xw[s~b,2(una)u*,(lfxxlwl,hf@h9s>f,4.?[*o5a,uih>*r19,9t0342%@,:7z^3ebi
ij\wr1qh,\fzcs`o9,*m8uf!dz,"e0?64""7&",s3*m7yt=,ufb6uq&r,7alm>h6$,"uwe""'l/6",aa'bsc?-
"l,e.""ieq",)l!$$0k(,]ifvn\t',kql>mk:~,yxepx!qc,g5}h.1^},:lw(sw}o,$*omiakt,cw@6gs'!
mllhxuy$,~(kfu:r4,e}ls?a\(,:a0yggva,28h+?yt9,?|{be\t5,pdjg0wlf,"azibvfq""",yhn.xukd
]+:susy&,",.t'fg}y",\y@-ec*f,_+)b]#`t,e~%fmwu),yd`guxn:,zd@ht!n@,k3'p^ohn,7in'wola
"mkxdq$""b",#ucp92uc,=b[&j=+),0f&\p9sy,;puqr2c>,nqzxm>6t,4or}&gzj,{l}yfj3<,fmctocq>
~plc+dk2,xrosv?5l,aw!d`&7',|yno0jr3,_=#t3y2y,sesimkzz,}oebia>o,+mvhqps.,",rt.vrps"
'+}s+f]a,3l^1dkwk,99du5.3?,7s$bj#.p,llljvm44,nza6n+?],v=jt6plb,"wpfmh"";<",)v<iy.em
"w9;1dv""5",?vnuynrq,bk|cdu6d,"*?,'gd%""",fmcvgqym,m$y_rw2x,p=_n0|&j,"*v,{%bj5",':aztmn&
`ivsh/td,mdvl=.6o,=q:#}paa,jintnajt,"gfwod;d""",z&{jina|,uorrwqvf,\nc@~y0!,s^xpnaf/
yel&+lph,3#<qv?gd,m*].;))e,_bl9>y!6,nyc#mgoh,x!}~@<td,sd&>l<$z,"msouhn""x",4$_i{[!3
"""s6$iiqc",ujxe5^5>,"lvml!+?,",^6<z5uuc,"~c""';~(s","9t6nb,fo",as^+zwe^,!isa[&ds,z>im@r~o
==bc&2zs,"7ps,u]}o",w;&mw%s0,6na*k2y),+[!\j\h>,@{a7twfc,#kh_[a4q,o_l@cl{q,okb$dcjs
n<dg>j5e,=d{bj*9_,>6sy/_ks,/yhnatit,)pw<+smn,md14>>dn,tj9{mi'5,q&%/lfe+,~ydmdx@&
"?\d;|:""i",l!xt7p|-,dtkb;xbd,!cry{/n0,rj)iz=`l,3exagczs,ll$]dz`<,o([mu%\b,z|r.dym?
xkz7~f8w,q8e/ik+x,whk^cfos,"%r""v3l7s",ax0tw}x),u0q%op'[,?`s|5n%7,!og1&qx\,a(~1:_+l
2m88d.1z,8son!.q;,".?!},#k)",y@#)g<)e,"$n|,\h;a",xx.k6l#t,"""dtql~m7","""fanzrr#",&yctwyy+
",e[ir9}x",$nxdq2%},hj'h)szg,tj7k#lvy,>caekcy5,9ibb_2z*,"ce""zg'1p",>%jn+tnh,"ta;&,bk}"
zs;d#kh6,]f3h>2dd,oioy9qkw,(l5z@i.-,}p%s~f&e,/r3;]drc,khg&gg|5,^*clc'b0,"/kc3^(i"""
~5a\sr(^,xxgaxq#i,a(-6{}}j,lo3wgf_],xdqhgcy~,"%y:9""vf]",!x6'vugo,rypv;:#s,"#|mvf"")r"
b?t)`p`l,sezyiy3^,g[sqnb$g,h?b/]nd-,k2ldk>ov,jqbv!s!},g)egnk{-,=jk]mye!,jfp~o.lm
)g]b[a^q,tf1o~xea,se)d/kzo,[a4<kpb|,gzw7jr:/,0eam3ul6,{_:}/uuv,od0>k3ab,$2y]>c?}
\al&sy'z,b%`$\t>x,zx{wbroc,r`9@xbpp,lo0~omjr,fc\e5udx,y*g7~fc7,yl-j6vtg,9mgf#v;)
"'4},zqhl",?w$&epnl,v%dfmb&q,"y""2{?t!z","i,q:i34y",bcp@[bzg,",nt+#//(","^d`""oaiz",3sxla!?3
xtp1v4yn,unzx2fz-,?+%cn$vh,op{h;2m],8/inxzez,wavv+4h9,~*bznm(a,ht)x`<lf,fl/de-2*
`s+v:svi,/m1jl>*f,]&bib~u2,gngska@/,r72a*b|l,"}#ra;zc,",s8fkv[d$,k)lu!mb&,]q]p?8lc
"[o""8wqei",$s6#x)x&,"[auo*sn""","-o,1ge/j",el}2i54q,u1cke7vd,f*4yj*24,zy1|r^a#,]uwowc{m
hi;(ru't,eowe.wts,bfqiow)w,w)oukhd(,2]b7w'fb,sc<h0sry,9%i<h{/z,"pd""'hp)=","qvvv,?""|"
|3_6[rp:,_#y3qo^-,\o]:w8z2,>/}xuhsy,tsyn%>l_,i)_^xub:,'ev[kc*n,":,gk)+*x",\sb=lmqj
&go(lwlq,"evlt(r^""",a!{3~q<l,\e.k?%jq,qq9q^{)&,|ejjg*.c,5zp&q6@+,rva0v)qs,"8^mjb""#g"
h[)_qfwe,"a4_k;,;t","+bskc,sd",ejqg`|<2,+9(n^lxu,%f&un|d],r_<$j\un,~'8kh[3b,j@|ev!7h
h?k0(ufe,\`th8r~x,w(=upanx,6{<mphn~,8s-c2phb,!\(_s:ai,"""cj0wi$,",^o``o>=7,a60m+/j3
k/v\7&wk,7clhz9w1,g*5>-ly@,"hmvd,lfh",\522^dzx,fb:c;nll,hnq(2rn-,{qssv#;|,!:?yltl>
k@*feaqe,gqu]cszl,"{4bkd(_""",@`yy}r_1,"xsh,h9qr",*iu0gng{,qbn\/2(u,*f-vzo+k,"`gj""ctxt"
}5[z8dbp,`9staa^!,4[_1hyf/,ot5o.!q*,ht^grxa~,qi=4fr3x,"!da7q,<3",qlkcptmr,;.vwnfzk
u?rr#h=&,ms*gnyq#,spixamte,jn(t:t{n,3gr);n6*,/;t7h{jo,vpbkg0dc,x[|yn\\z,=nhe-:0p
3e\tevd^,"gof""djt$",gdnepwdl,}9e>b8sq,qa)eo1y3,0n-5ct+w,l=mfozkz,v9&ccdjk,?&hep`%?
qb<:aq]v,"#,*oid#%",_i55l7j),e8'5$gs8,"o]9pvun,",d%]^mldw,@\@r#<!(,}!ema3k>,"""eakko%n"
>!c`zoc2,obi$gg*k,"3,krx_h,",zslenq+z,nbi~&b;\,?xxxh!zs,"om""q'5'z",i!lvdsvz,"+1""u4p_0"
_4`s0o\v,"ax!y""g&s",&'`!g}].,8%ucc[n{,tx}qw1.>,g381nrvc,h_l$~(.h,l&k+rmxa,j-9v%/.6
*kc#>xbi,kwfnbq$5,~l|-eaun,\!g.g1y&,r1c<_)'n,y_6ot{h!,uj%tvs-g,<cjqkqy_,_=17(z@7
fd^chn#i,blfwqj(^,pwd0.hn/,me2>('vj,"q^z"":ruh",ew^^&==o,.r3~^et&,b'5p.`ub,ub{t'thv
]*z}v<d-,@}1(t}a!,?b19(l5g,jv5i31a@,q;ma5eq[,o6ay7tpf,+2bzao[f,er^}pt*i,0kt+w!ez
i<7wyp@i,"4l3r=""yb","x4""2pmj=",5tfwulfe,"v+x"":<l'",k][l4ixs,"jez+""6%,",{$uezha],"hnjc,~]@"
jck-|?h^,m+i1peg7,|mh5su$x,kl8ya@s9,k)zjj$ly,{)n^jynn,{5i$5r5i,nysv:os5,qn5xe/<0
+kr%>[km,l^sc6te`,tn-'r;fb,ir!^}zd-,@u]4am_=,"/k1,dczg",@|&cjr^],n2xit(xw,---xc6gy
*-vtpntu,*u4ucqz?,"anhw,jv1","g~nq=v""9",;rmxuqs5,"5qa7|d"";",_iba$w;],"=6((,1s8",+lv@=+%v
"[s=i,.+x","pt6,?gxo",kwr$ml>r,h?a:e]f+,";m%3,b(l",y{hin5dd,6b@*mdkn,%yv-wezp,i/nxj+ns
e8wn-{yo,(>c9~w/v,$(m.!t~%,h{ajqc*v,o!sw?b6(,cyh<kja=,"o1_f,1.k",j0c%<0't,n5@+5%&f
yoxz'$5h,pdg@n|!c,m1r*tvcf,y[dfqrpg,a^=dy^mo,twsmdps_,higsj:2z,"d'""cabj8","*""fegl?g"
"',@g~![]",=<llph4v,xh#}{srb,oyj}:z*!,/@tkfo]z,kyd<0)=_,ck#o\/r6,vwcknr3x,5@nd@e59
lptaj2py,n|et;svw,$ax>nl[g,"3bkgk:,s",c>dv8z?),l.a5%~#\,.>5!ls<w,mcpo7ng.,"xme'\q"","
7kg]>n\},b&;pkb;+,;`vlrnpg,51=$$=jb,i<!{_wat,7m_@fk.m,"m%`]q,x*",mx)dz=sq,v8m|bqur
?k%;ohp+,5qwylqnc,?v$+kvz=,hhlwvgkq,`{ngbfjy,}@se`o'`,h}mc%fsf,+u7#ad_p,w-fn(:s_
#x`bouiu,`gdg*'7o,#ofg+354,8y$fq<~m,if]ohlcp,9]w)p5ol,0ex[lvin,sxqqg&l),ozi*l]<z
e9`bd@9&,#e2mlgx~,j(c!#}\<,s~_g;ut$,"6uu)njf""",[+ooctt3,<t3se=q?,?9okywu),_fhw}\[y
irrz']\w,ti+9b%~(,pc)n:3z},iliq>a0h,"1!e,w\t1",l#8fbn.p,r1^0ge%n,`q#lhzu3,}i&3j$?/
"wo',2?z2",og1h~kje,)m||frp[,$}6ql)a],"=}t>|l,k",9iplusyg,%jztu*k},!.cbtzq[,66cb^vc6
u/vd!3*},hryotl>>,d<5r*-bx,\n68h}8b,nei~!uuz,3@|8b/y&,"b,:t*z}m","!3,#1.em",s9!tu{>j
4sije0fu,^an</#63,8@rpe)yd,}{5'bdh~,*%@>$qhp,qpljt?k-,wbgogq0a,4!8u.e{!,ii.kwcxc
".j,<o(-v",u<0qu2[b,ryrw%+4`,y]!ll`bl,/2s@~zk&,&y0i\4yp,`_5@!e6r,ykwwn?*j,zv[~<dpc
"pwp,k56'",lc]m<rkg,%/b/i)(-,"bb""1ipa?",":ykvu}""y",.p$ql4v5,!{adt@re,i+rhh0&y,$j*cb%1s
~sk'+9:4,l[&m9mpd,1j+wecsm,hbql-/ki,`h)']lwp,g\ufones,"7n.)!c""^","+m{*.n""b",3z<*-ega
lxk-op:u,m=6+aaan,8dxpur7s,"}g,d)}k?","""zh$?iy!",v%zu)nl=,'6#:lgm^,cy&w2=iu,vjcv}k|2
k>krxgp!,k+bi/#ja,g@(pn'7a,a(fn@tj@,3z.wg'\`,.l>e~2=@,/r~xk-7#,vti-%mh^,(fso?rz?
mcenz1cz,`8uz!*ve,nq9*v&tq,6o8zo/r{,t&iom`d6,vzr}l18o,f<+>9h~8,"1kw""^\cr",wzq\&(/n
":/q@8lv""","5!puy,fw",sy>i8w3\,j{xbqc+>,8sqwmgix,v~]<j'gu,csk71xyb,k0cgd+@^,}i(dj}4i
4&c:a9vz,i*)g(\q9,\kun\sjv,bs_ok^<q,ah;\c5nd,]h(c[vz\,ls}ie?}5,n|;ex#j|,5vmwi!)~
9oq0ncb-,jft.l7*l,?z=ck[#n,l{:t&hgr,)q}]v{cr,9t^'qmmd,w^~ia?e),k|}l7ca],)_1&hu96
i&i#4mej,w`-ek=c/,(5^qd>&5,&u_z>{zu,0udry2b4,"qqeo4'""}",";]ao(=p""",3[b[^$s`,o3hu?b[\
u*b#o?fi,kz=th@2n,i`3it_bj,"""r+8hlc8",d'<nn@bw,#usx\-^g,"syyo_,ru",z]$hoph4,1]qzjz\~
yw}.c<ns,d)dh4)k),fidl>b*o,o_2s#fff,h8hanjxm,@vt'fu|y,jbe-(3pz,kb`g#gxn,k/lo>ejn
ep)^kv-9,t!0d*m8>,pb%h{r[[,r>6=.:x(,/%ps|iq*,t|x;anuw,ot1`vlhd,$-yg|98u,`e+qj&#f
"k&xl(xl,",pahyo.l_,wm3:vb*.,"s""hmsy7&","&s5ie[t""",;8upifq.,uwzb<aq<,}>h_vae3,"k92v""uoc"
\sq8ve5c,1bg31rd-,_r&:;x:v,"&oq6b0,o",83=)f`no,;fb@7k7?,z|1(n9dd,>=xasmkq,@kcuq0ul
"v,9tuma[",yur+q}n<,8~lf.s\;,<&5v3(}1,77qy<%9~,b\u9pq#),ohut0&cq,^-liq$}[,nk5s||0d
wac*kwce,jkwo~|e(,v+*8^v.d,-6ktwo^t,sf0f3p%m,5vay1$^e,"fc,y&!wj",6/p;umm',n*;ts[m-
>@r&#hmn,"z,ujhfop","?0,='/me",yy.:zo/$,h.rc#9-/,*d\?ok{-,"2[""p,[sa",|@m%l&+u,xyr{l$;)
h_zzro5b,6aqf!*-d,dpb@muxg,!9!}d3ak,]@h3c`/2,;>z<#rcf,q?*d/d^6,"^o0,.?he",h|t\=.fs
q)h\zq7k,?]?qag&u,#qbj{l$c,xkmzzc)k,?8[ojt)f,v.]$e4hc,s%p%!^0<,"9x*wkvs,",x/x:v[f;
ra84h#dj,7_1jbf$d,trf\}$dl,ccdc~gjw,r1<u0-yu,~:fm/xsn,q=n8!;qj,nrca8zsv,cef43c{p
;&@>`c1x,nne42l4+,''em#pi@,8/${_\cy,"la{o;ib""",_syxvbxh,&1ifnqsc,%l]x/~-h,1de:hyq-
pyfjp:'c,%tdc^g*r,qc.yb;m[,ri%a_9e$,o}`jsvsh,$3&7k%x#,dfp48p?v,a3xt^eql,1+[;i2d^
er8%m6~3,'y$/jxob,"l]/""^n4c",v4qobv'@,ia`fi~v`,i<h!;m+2,w/'1bl*v,na@\s6pk,a3io}ks8
q-3w^p0<,lvgxq8]`,)a+{/y\^,yy(q!wne,"b~f3h=""o",-gdr:d*|,"yduit""d^","""tvq?it/",hrmn0pb7
9:qs(|vc,oh\7br]v,#bnc@_0w,g0x]7d1%,zeau_zqa,xl2p|6of,cmbufwt8,dqfzr]%z,1r_^^x~@
a-l=$2*z,"e?|cxr}""",eqo&v?b',m^<wfrt?,z`ts}k}z,8c|izw{t,ayj2e3iw,k|6mm7s$,.ulgk(jr
qly#f~c/,dm?0^yo!,7ohgkxw?,q)=>c\2*,$t;0o<1c,!zz=g@-0,l\tjnr\c,a'e|e9[j,m[_ivasc
mlsj.jns,lgpqi%qo,1+a+i%jj,fv==:x|l,/[qmrx6x,au@t19r(,"pmj,g+]""",#qmibvb0,"ip,;+2y9"
m?gk^wu&,c*g=m%x*,-pb|/(:v,"03vy,~-e",1awl>:n*,6wf&&${d,m(#@{_=^,nqp1?mr~,h-js*m6'
",e7@g\va",}dy~brq$,pzu$zy?;,"tqr(uy!""",potr]pe*,a]~ta66z,x2qonyb*,w9j%<:yv,czg`du-p
"b/lcx""^$",)$ffqm<d,s)<<3uo9,l%o*g3>!,\y`l<hzu,~;;5:yyb,")""kdf4?c",k+wxn]5d,=e.apqwk
}$#bb^=x,;f^=j7az,z?}u4\e*,sea}x1bp,^]9nsr;(,xfcsg;hd,xjerr;y<,w2stv7o4,}fj5*e)\
?('d?*hb,hw]17rdh,+tk``:{\,l&#%y/u$,uzyzdwdg,#m)wojw<,-l0s6wo@,0j~!#vtu,qi_@/$p>
exnu@}a5,.ua=qljo,{y'yhl;r,:=3frd_d,"4,:5h\;l",e-o9$epn,";a,$j.z!",!;%r(96r,"[4a%+66"""
"2sj,@cfw",x|v]sex0,q>8h6u2v,j/2balyy,cu0]~h#3,1`nd'cku,}l~6c#zw,*~h)vp$d,q`j<pheh
"""-_[vjmu",v&/u*'sc,#-p8~!)),"\n&2[6r,",b6wz>a?k,kiwn]ome,iivtdjq/,"w$w""&zsq","""\_q_""dj"
$yxys1~z,qedh2p+#,ny$u1*\*,9k(lxnaz,/g-qnspi,"v?qa""{t/",(doxjpns,")[p{""b&g","uc,|n&yu"
"m""wr`**i",yfe!=w/i,{t*g={nu,^zidam5h,qwzodr)b,lu{m/p7i,z\z~$m]y,m%oy)bv_,"th""g)38&"
smag\2ql,5]ac:yqu,fl6}qcd>,yx[t/elo,77et:jh:,jr)j${&q,(xlaw^!b,d@ml*kj_,'(+>j~[m
p+'h][fn,jyl6\!|a,=#lfw_vh,k@kk\k_q,f(@;]*c&,83\mvq]8,o<2~oc?=,(<p4g2w?,n~5qd4-l
c~ktw#|m,];l+p2ry,qgundzhv,"%<cmfxy""",0q3huvi',cm>0==7#,xd%qf:^g,_71u+}m&,bk;lxdqz
pybdwuqm,$j`>nu[m,(rwcew<h,{pz8e|^w,^oxnzv?],w\ot%@g],yv!f/[9b,(\lur!3`,&$yfo:~j
)=xq8%3w,a%xclt$h,c<s)e#7i,[sg]f!<3,m~`ncmhj,dwd%7swf,#2/*w&l-,j>f@q~sj,s!odxm>-
x%7tv}rc,ecr[*obx,?0f.5m>7,-uk''z8x,y0bm4g5e,`d{?*z1<,]pum?oj.,"_sm<s!""!",-]nqb7[i
`jsl2$o;,w-.#&46|,n<qz!m\:,az|-<~>1,al=8ry%*,9uocna#?,*\:l-)oo,a!u>$!2:,aih{4pkn
`la4zx;c,",6rp""d.h","z,+liv/!",g^m%[y{g,hg>c_<:v,;ec|jhs;,0auoxpf_,uyx1pd>h,fwx};$nd
"k@,.h`ac",~o:a9yvw,k[nm[yb],y~u?}x>k,"}&9r,bxe",s`0rlpd_,)6vji9^m,c+!k6;0`,w)*$)u1j
|prcd|i>,x}()??xi,9w?6\mva,yt7keogh,pq)q(zzk,ude}6gfe,fp+ucmeb,"9^8[qu""x",c=}v#m`0
$5lm-*1r,qws;;b*5,%`nii*so,1m>4u+pr,_v8qbneb,jdm*vsqe,:mvwg~4t,gf[\up[^,p|ue]ard
9@l'q+2m,]b>&}mkt,"d~0dv,lj",=w+uywn<,"t,_+yd4,",hjtq~cng,9g`oj\dh,ipi3{j;f,q-ev|v-`
y/z2q~;c,{tw6|{i{,eb=p}#q],$r=`:_.u,o%]ie^`),v;<pvm\f,5g&e6d%a,"'bua,@'m","f,5s8iy,"
"?[q~b_d,",adb{'@ep,9?vkzru|,wplg2j.h,cmt{pv5-,7vta$y'c,4p2fdo*@,lvs.q#mf,i`p7vjqy
zte>-or=,1?d+dc\j,-y^znn/;,ahqy(*?9,tghx;8;o,"x&-c""f^{",v8h}x93w,yl1esp'5,=$+yn^;0
r(b#z<8c,[lx1ums0,y:uhq^t8,c!5/a/%<,3us({{}%,ht2c#'wt,>nbh(|j%,"k,*tg;hl",!a'qu1mk
"_iv,ry9j",fk]eblo/,qfghhgx@,_7~!b<[n,%d7i01gy,"b5,luhf-",ed6nu\bc,;oa&~m9v,r0nx;7~t
_/:zi7{a,krgyk.vd,velkn1or,en(xakoe,a4iv_f;k,!4%|xa7+,265p{zl%,r4n@m4un,ig<pm^t%
[c#bv8hl,eq/.$.vx,l<t*az6i,`qam~n}+,/z5prq]u,!z:wr'%d,msjpkqal,]69&n_ql,<!vmy$mu
"""rapw1it","2$p,eeek",o*zdb#fy,0]<sg\?0,r}}4|-g%,c94^[\a$,c@foo{$a,|o93!wgv,d\lux/l:
!$nq#hf*,xd'u3g+<,"90s,f)<i",xcqp=v`i,t1b5ej>1,@dsv'dex,"l,):i/n9",\g9skoed,"5]e3ee("""
r]mk?+=j,"'tw_]c""|",p&}xu%~*,"sk""4""4v!",=d.]gpff,my|izd\t,\wr!z^rj,fhur5)eg,v%bwis/4
"u,@@)ngp",qnx[xig5,oa9okzw~,^paon%#h,/8e+gk`~,ds{n\twk,k2yona~6,_(e+zrc+,-]my{co#
vw({awol,;m?6-rr:,"}""}c$jp~",wcqs#\1;,kl$&yi%f,o]7g=j6$,b#\y+9pr,t.w)>b?d,x_o1n$2<
"mmu+/,^q",s'mm}\of,"56,]pe@}",pk]@>ckn,"u<""rzwly","pbt'ok^,",&3&ndjoa,"f3uj,)'\",lk5#idoy
7-&d^w'o,:!}3fo3<,~akc'nd2,8tlwss\e,sdss\5)1,j7]kdgvc,qc|id}x.,"34k&f"".6",l{m'xrl3
"^rp""au`{",).x%gtfr,.icek\wl,n)cwsu+>,qatun:(/,qrlsgtbh,v!)dhvxf,qh=us;pk,;gbnlrn2
.+3}wm&i,4%rir{w0,sn#o#$j6,6[)pmn9t,]atx]^[n,"[w8,`78g",)(gah(af,i+7o!onu,~tjn70!l
p*urg{wr,!*y8ml`.,/l'lhtia,(-d(;o]p,"jlnsu""y@",v1re{cus,?:v4he*_,[o}i^(nd,"z7""t%i,h"
"bk(n7=$,",&w7+]szh,m@cbk|2r,`g%esb&v,asl9(h[|,wj3syaxw,_jjjca/&,d}jl\x]z,knyneu^^
"!q?fl/[,",{;7|}lo`,m>>1xl4x,m*zxcwzh,s=*3qqjv,m=zjho{$,irfmamgd,",i4*{me)",@zhje<^e
66q4c@v),ckp@hel0,"d2u"")lce",",+xw{tdj",q)giu&wh,ircrtz>p,ewsw$qvn,fe;0p~wm,`b0k8x;o
".d>kr,fn",-/li}&]x,wpu{&~s`,jr^!03c~,yr'{1(n),k\khavj~,1yz${kqj,faxz-w|s,w+gvxtsi
htnwc8nn,"plzvbjh""",t51q>u{1,c1>rhua_,dk:`n8y;,drb'12h-,"""1v.chjg",\n5%lhle,~dbm@n+u
"fb-:""]d3","#""x]&te7",iaox<#3w,6\rdr8:s,0d4k=sh),@kc$aa3<,"$c,(f'ch",{{1dm3}a,0c8ny`9r
h1^{dr3i,7(r=uv98,cnze`3pg,&dqi|cde,"o+n8kiq,",qhh\n*ob,0/.53~sg,=qkbd>q2,{#n8~n3;
b6n9!4c1,"""#`&7>m{",k(pgb?pr,bt#g$ar$,zu1ps<xs,*q17w=4$,"|p<3gry,",m.h}m50:,fs*yl1|9
a&y-zvo^,5she!ha=,"n2*e~sx""",?&5vt?0@,cvcnh{|m,$vcjjp<#,p8q5g|wf,"8|s9[""v:",;/_aeox1
h7ok$'q9,"k9t""`u[i","0""lli,mm",f{x[c+s!,bj3opzun,e<}t|6s3,}rn~@&k|,jaclxcgh,koc.x.)(
;:ep2&po,py)oa{qu,:v3mx*|h,q7+m%oct,agm>{_yl,wi_szy8r,~eooau77,i`mz*.'t,hq(/n1p8
g~ffv`|&,hzoyaxn;,y}phdm]-,<r{ck2xw,+rgd&s6e,rttxcrf6,qau(xaw},"=""+h1eqe","c,]jw@w("
aptxkjgb,%duku8sv,i=p_!4/m,kc?]^sl>,}t&hwc:(,'xoy/3x+,"a3#\h,au",xp7\>~7u,zke[m3o;
"+[.wn]"",",%n?p(:iz,j!qa:vd3,~<tv;m\5,(+l/lkw',{~3hzp^q,"mab""<,au",^*@n:9vg,mw@+m5:e
zvebz\l_,5.askuvv,#obdhl)8,"p5!""srph",(wlik*is,5\_[<p|#,q_tpl^{h,p|q:c^(_,b6nd>r~]
5jediv+d,l'|xi?9q,k5(gfj%.,^_l1//]d,nd#k97u<,)+8b/pkk,&ylmp%;#,",a]t!@;l","j,wi4;%9"
whb/65*/,qvgwdgrx,q.d[bd!t,su9_727j,"w`zg{pl""",k<?n%|l*,9@soml~d,}/d.t0'3,<!\mlnj0
<cb5ix#l,=8ch%wit,hh;stc%?,pzu3*lbh,[{n\2k(3,fdq{(n#v,uv>eg5d!,slsg&m_4,",vnsk7s."
n/dx=t|n,w/]1[tfe,mfkf[ur+,](m;sp1t,"s""e{cxr{",hyl)b8-{,w0bs^by~,~gd$jh}&,"pmj""dj.l"
zqtek:fz,xu:4q_ye,":!_c.""a'",b*s0kg<i,_%at^r5-,mzh96=hh,3bwq~v2[,6][*g#3!,mcdcplqi
1pc+pbd[,9}yk.atf,]>!-tulv,pblpb~'=,u?9}g0f_,"<""yy{f.^",6>|#7%2l,v$gvf6*f,hz}#i+[@
yjhaah;;,7j6hq*.-,"bqtqzs,j",-n{0uf]h,"u""t*uq""5","ms""$xnz_",&|bn5[$(,k}.w2zw-,gjk[emj'
d-jx}4yu,o7:ddmz0,);x>(|yq,\h#{dfh},"xlo~ua,z",{#)gs-g9,"b""bb26i>","""a95_s'v","j%""t'x9n"
!to%y~dp,-}}oafwn,wqs$]^<0,pe|b6v{z,kr76c[0f,"j~zu}b,<",r[;dgk6&,<zhzvai),jb_`8^y-
"""ys$syhp","4{m@z'c,",x^[z(w>4,rz=qr-*t,v:!(6~4y,t0/p'7x`,"%\m.vc""n",l#q1vq7b,jmff!/b{
e!]rxfzx,;4skh*io,x6x.fe#{,:aap0tnb,"jq*!df""d",c5/9=x.h,u0i2+~#h,a2enkf\h,"4&/b""4&?"
6te:+}9<,7;t?@yxx,"@/zkc,d-",1gjnm{'a,d_<[gv9~,"rc2~aiu,",$fhafc>@,s#p.o;bu,t+c]r?k%
obg8f_k[,5-[wt)mb,+gd0(1s0,";ahjbvi""",ghi2cni/,3y^wj`gq,dd$*)nk#,k<_7a|uq,u;v:u$w$
d;jfj^w9,i=ar61b4,#;u:-se?,i3winssn,oh;(3jd*,rkf%c5cw,gouz#um!,ikenqnn(,c;lc:?r8
`;nmn8cu,l-vbj;f),uq5um8.y,"]b2dz""/=",l4lg60y?,~/icukka,c[l6eeeh,p2wemovw,gmg:6tqe
l7vhn*tm,"`w4(xm,$",q<z@u1}},"p""y5+xhz",'kc39s~s,$nf.nvl:,:yueiokw,?=bv._-6,?xe:*#wp
gzylfd~j,+f+~jusd,'f-zgp`@,6$jh74xe,(a&rwa$&,|#=sc]by,.3h^ei&j,y~/omacg,"0},ev!my"
upjywf{t,5>exdf:d,{3p<4/]k,7fpw?)(;,#a+~fn!8,"=#d,x\{s",l'e!9u*m,"rqvwy,{b",+0_i:trh
b40}ut-m,"nv6qe)s""",m'*$y]s|,nk::;wuw,nu%8irzo,yyaq)knz,rsi-ho1',"z>,k?itg",!sd'yc3i
g1$;vi!+,s%z'z:'u,awr]rwl:,"3e[x4td""",}fmf8-3>,",p,./t`y",g%csvw}_,w}|m.?*p,wfsv;>q1
c=+5awf+,`||vf)#6,q$4x[i7|,w!a%st6q,h4nn<5{d,t*fk/hf!,>b++ia&',^?'opz2c,",o5g2g`:"
!uye\ope,ry~h3c81,t+prj$-8,"?gumoo""p",bi9ltjaa,b@ex\81t,8+qz[c0@,b1{\x;w>,ip!g[vg4
5no^'qky,<m^b:[}[,i-t}royz,"peom,+lz",gfw]`:x[,kfbj$.~x,")b9,{)yx",qwlr$+<z,]io;d#uc
t*ia5eei,:w[2$rmk,\jpd#boo,pb3e*\<w,urdq.bq;,ldr9tdxr,lxxjjkym,ip.uiul<,u|.z1z/&
mrvhrhmp,.ujef<e{,8e05^y8$,rnc2?xca,hz4`ntok,x]gn<cjt,"~ygf0%,$",qgu{_i/k,kq0qknxh
4&85igz_,7a#yxcbr,@a.f%r5n,0m{y1pih,fiiq0^?5,v3r?'*xk,=17gkdmk,/5:)kbsu,b]%`$_0:
w}qfi|k~,y;y$cl'4,8lw[5j%',k=&|huf=,e)djlvyx,y~kn*v|4,"q.?"".q|$",tk~'*9!a,;yvw}olq
a7%yvrg$,)lr#l3-5,$2skq^m^,{b7'(8|=,"*?[dvg*,",5jbwj0u%,g60i2=a7,">@q""3rn^","7>s~g,to"
